Date,new_cases,new_deaths,reproduction_rate,icu_patients,icu_patients_per_million,hosp_patients,hosp_patients_per_million,weekly_icu_admissions,weekly_icu_admissions_per_million,weekly_hosp_admissions,weekly_hosp_admissions_per_million,new_tests,total_tests,total_tests_per_thousand,new_tests_smoothed,positive_rate,total_vaccinations,people_vaccinated,people_fully_vaccinated,total_boosters,new_vaccinations,new_vaccinations_smoothed,total_vaccinations_per_hundred,people_fully_vaccinated_per_hundred,total_boosters_per_hundred,new_vaccinations_smoothed_per_million,new_people_vaccinated_smoothed,new_people_vaccinated_smoothed_per_hundred,stringency_index
02/03/2020,1,0,,,,,,,,,,160,160,0.005,,,,,,,,,,,,,,,11.11
03/03/2020,1,0,,,,,,,,,,240,400,0.011,,,,,,,,,,,,,,,11.11
04/03/2020,1,0,,,,,,,,,,298,698,0.02,,,,,,,,,,,,,,,11.11
05/03/2020,3,0,,,,,,,,,,487,1185,0.034,,,,,,,,,,,,,,,11.11
06/03/2020,2,0,,,,,,,,,,1024,2209,0.063,,,,,,,,,,,,,,,11.11
07/03/2020,2,0,,,,,,,,,,1982,4191,0.119,,,,,,,,,,,,,,,11.11
08/03/2020,4,0,,,,,,,,,,1788,5979,0.169,,,,,,,,,,,,,,,19.44
09/03/2020,4,0,,,,,,,,,,2201,8180,0.231,1146,0.0017,,,,,,,,,,,,,30.56
10/03/2020,5,0,,,,,,,,,,3655,11835,0.335,1634,0.0017,,,,,,,,,,,,,30.56
11/03/2020,1,0,,,,,,,,,,2999,14834,0.42,2019,0.0014,,,,,,,,,,,,,30.56
12/03/2020,24,0,,,,,,,,,,3644,18478,0.523,2470,0.0023,,,,,,,,,,,,,30.56
13/03/2020,41,0,,,,,,,,,,3890,22368,0.633,2880,0.004,,,,,,,,,,,,,41.67
14/03/2020,17,0,,,,,,,,,,2983,25351,0.717,3023,0.0046,,,,,,,,,,,,,41.67
15/03/2020,15,0,1.98,,,,,,,,,2704,28055,0.794,3154,0.0042,,,,,,,,,,,,,52.78
16/03/2020,15,0,2,,,,,,,,,3555,31610,0.894,3347,0.0044,,,,,,,,,,,,,68.52
17/03/2020,38,0,2.03,,,,,,,,,4208,35818,1.014,3426,0.0063,,,,,,,,,,,,,68.52
18/03/2020,67,0,2.04,,,,,,,,,3605,39423,1.116,3513,0.0061,,,,,,,,,,,,,68.52
19/03/2020,36,0,2.06,,,,,,,,,4238,43661,1.235,3598,0.0091,,,,,,,,,,,,,68.52
20/03/2020,70,0,2.04,,,,,,,,,4776,48437,1.371,3724,0.0099,,,,,,,,,,,,,68.52
21/03/2020,48,0,2.02,,,,,,,,,5698,54135,1.532,4112,0.01,,,,,,,,,,,,,79.63
22/03/2020,119,0,2,,,,,,,,,6033,60168,1.703,4588,0.0127,,,,,,,,,,,,,79.63
23/03/2020,51,0,1.97,,,,,,,,,7002,67170,1.901,5080,0.0125,,,,,,,,,,,,,87.04
24/03/2020,205,1,1.94,,,,,,,,,5911,73081,2.068,5323,0.016,,,,,,,,,,,,,87.04
25/03/2020,133,1,1.9,,,,,,,,,4997,78078,2.209,5522,0.0189,,,,,,,,,,,,,89.81
26/03/2020,112,1,1.84,,,,,,,,,5673,83751,2.37,5727,0.0184,,,,,,,,,,,,,89.81
27/03/2020,92,1,1.8,,,,,,,,,6109,89860,2.543,5918,0.0183,,,,,,,,,,,,,89.81
28/03/2020,99,1,1.77,,,,,,,,,5944,95804,2.711,5953,0.0195,,,,,,,,,,,,,89.81
29/03/2020,96,4,1.75,,,,,,,,,6265,102069,2.888,5986,0.0188,,,,,,,,,,,,,89.81
30/03/2020,154,3,1.72,,,,,,,,,6894,108963,3.083,5970,0.0213,,,,,,,,,,,,,89.81
31/03/2020,110,2,1.7,,,,,,,,,7362,116325,3.292,6178,0.0184,,,,,,,,,,,,,89.81
01/04/2020,157,6,1.69,,,,,,,,,7381,123706,3.5,6518,0.018,,,,,,,,,,,,,89.81
02/04/2020,165,5,1.67,,,,,,,,,7688,131394,3.718,6806,0.0183,,,,,,,,,,,,,89.81
03/04/2020,154,4,1.66,,,,,,,,,8012,139406,3.945,7078,0.0189,,,,,,,,,,,,,89.81
04/04/2020,182,4,1.66,,,,,,,,,7779,147185,4.165,7340,0.019,,,,,,,,,,,,,89.81
05/04/2020,181,5,1.66,,,,,,,,,6778,153963,4.357,7413,0.0213,,,,,,,,,,,,,89.81
06/04/2020,203,4,1.66,,,,,,,,,6832,160795,4.55,7405,0.0222,,,,,,,,,,,,,91.67
07/04/2020,327,3,1.65,,,,,,,,,6384,167179,4.73,7265,0.0242,,,,,,,,,,,,,91.67
08/04/2020,355,3,1.66,,,,,,,,,6387,173566,4.911,7123,0.0243,,,,,,,,,,,,,91.67
09/04/2020,364,3,1.67,,,,,,,,,6819,180385,5.104,6999,0.0286,,,,,,,,,,,,,91.67
10/04/2020,382,5,1.67,,,,,,,,,7441,187826,5.315,6917,0.0333,,,,,,,,,,,,,91.67
11/04/2020,429,7,1.67,,,,,,,,,8993,196819,5.569,7091,0.0374,,,,,,,,,,,,,91.67
12/04/2020,472,6,1.67,,,,,,,,,7365,204184,5.778,7174,0.041,,,,,,,,,,,,,91.67
13/04/2020,435,8,1.67,,,,,,,,,8219,212403,6.01,7373,0.0451,,,,,,,,,,,,,91.67
14/04/2020,493,6,1.66,,,,,,,,,8388,220791,6.248,7659,0.048,,,,,,,,,,,,,91.67
15/04/2020,518,4,1.66,,,,,,,,,7669,228460,6.465,7842,0.0534,,,,,,,,,,,,,91.67
16/04/2020,762,4,1.65,,,,,,,,,8256,236716,6.698,8047,0.0549,,,,,,,,,,,,,91.67
17/04/2020,1132,5,1.65,,,,,,,,,9006,245722,6.953,8271,0.0603,,,,,,,,,,,,,91.67
18/04/2020,1088,5,1.65,,,,,,,,,8733,254455,7.2,8234,0.0736,,,,,,,,,,,,,91.67
19/04/2020,1122,6,1.63,,,,,,,,,9578,264033,7.471,8550,0.0819,,,,,,,,,,,,,91.67
20/04/2020,1147,6,1.61,,,,,,,,,9260,273293,7.733,8699,0.0911,,,,,,,,,,,,,91.67
21/04/2020,1141,5,1.58,,,,,,,,,9222,282515,7.994,8818,0.1014,,,,,,,,,,,,,91.67
22/04/2020,1158,7,1.55,,,,,,,,,10340,292855,8.287,9199,0.1073,,,,,,,,,,,,,91.67
23/04/2020,1172,6,1.52,,,,,,,,,8547,301402,8.528,9241,0.1167,,,,,,,,,,,,,91.67
24/04/2020,1197,9,1.5,,,,,,,,,10203,311605,8.817,9412,0.1208,,,,,,,,,,,,,91.67
25/04/2020,1223,3,1.47,,,,,,,,,9055,320660,9.073,9458,0.1212,,,,,,,,,,,,,91.67
26/04/2020,1289,5,1.45,,,,,,,,,8967,329627,9.327,9371,0.1244,,,,,,,,,,,,,94.44
27/04/2020,1266,8,1.43,,,,,,,,,9325,338952,9.591,9380,0.1268,,,,,,,,,,,,,94.44
28/04/2020,1325,5,1.41,,,,,,,,,10887,349839,9.899,9618,0.1254,,,,,,,,,,,,,94.44
29/04/2020,1351,5,1.39,,,,,,,,,9658,359497,10.172,9520,0.1295,,,,,,,,,,,,,94.44
30/04/2020,1344,7,1.37,,,,,,,,,9288,368785,10.435,9626,0.1309,,,,,,,,,,,,,91.67
01/05/2020,1362,7,1.36,,,,,,,,,12820,381605,10.798,10000,0.1285,,,,,,,,,,,,,91.67
02/05/2020,1552,8,1.34,,,,,,,,,12780,394385,11.16,10532,0.1242,,,,,,,,,,,,,91.67
03/05/2020,1645,7,1.33,,,,,,,,,12006,406391,11.499,10966,0.1236,,,,,,,,,,,,,91.67
04/05/2020,1595,9,1.32,,,,,,,,,11514,417905,11.825,11279,0.1247,,,,,,,,,,,,,91.67
05/05/2020,1687,9,1.31,,,,,,,,,13052,430957,12.194,11588,0.1254,,,,,,,,,,,,,91.67
06/05/2020,1793,10,1.3,,,,,,,,,16026,446983,12.648,12498,0.1204,,,,,,,,,,,,,91.67
07/05/2020,1701,10,1.29,,,,,,,,,13037,460020,13.017,13034,0.1203,,,,,,,,,,,,,89.81
08/05/2020,1704,10,1.28,,,,,,,,,14778,474798,13.435,13313,0.1216,,,,,,,,,,,,,89.81
09/05/2020,1912,7,1.27,,,,,,,,,16144,490942,13.892,13794,0.1209,,,,,,,,,,,,,89.81
10/05/2020,1966,9,1.26,,,,,,,,,17725,508667,14.393,14611,0.1177,,,,,,,,,,,,,89.81
11/05/2020,1911,9,1.25,,,,,,,,,15005,523672,14.818,15110,0.1168,,,,,,,,,,,,,89.81
12/05/2020,1905,9,1.24,,,,,,,,,14574,538246,15.23,15327,0.1181,,,,,,,,,,,,,89.81
13/05/2020,2039,10,1.23,,,,,,,,,16639,554885,15.701,15415,0.1195,,,,,,,,,,,,,89.81
14/05/2020,2307,9,1.23,,,,,,,,,16678,571563,16.173,15935,0.1178,,,,,,,,,,,,,89.81
15/05/2020,2840,10,1.22,,,,,,,,,17758,589321,16.675,16360,0.12,,,,,,,,,,,,,89.81
16/05/2020,2736,10,1.22,,,,,,,,,38382,627703,17.761,19537,0.1088,,,,,,,,,,,,,89.81
17/05/2020,2593,8,1.2,,,,,,,,,15549,643252,18.201,19226,0.1167,,,,,,,,,,,,,89.81
18/05/2020,2509,9,1.19,,,,,,,,,16130,659382,18.658,19387,0.1203,,,,,,,,,,,,,89.81
19/05/2020,2691,10,1.18,,,,,,,,,18094,677476,19.17,19890,0.1216,,,,,,,,,,,,,89.81
20/05/2020,2532,12,1.16,,,,,,,,,14980,692456,19.594,19653,0.1288,,,,,,,,,,,,,89.81
21/05/2020,2642,13,1.15,,,,,,,,,15899,708355,20.044,19542,0.1331,,,,,,,,,,,,,89.81
22/05/2020,2442,15,1.13,,,,,,,,,17558,725913,20.54,19513,0.1358,,,,,,,,,,,,,89.81
23/05/2020,2399,11,1.12,,,,,,,,,18919,744832,21.076,16733,0.1549,,,,,,,,,,,,,91.67
24/05/2020,2235,9,1.11,,,,,,,,,18545,763377,21.601,17161,0.1482,,,,,,,,,,,,,91.67
25/05/2020,1931,12,1.1,,,,,,,,,16664,780041,22.072,17237,0.1446,,,,,,,,,,,,,91.67
26/05/2020,1815,14,1.09,,,,,,,,,15525,795566,22.511,16870,0.1429,,,,,,,,,,,,,91.67
27/05/2020,1644,16,1.08,,,,,,,,,16428,811994,22.976,17077,0.1338,,,,,,,,,,,,,91.67
28/05/2020,1581,17,1.08,,,,,,,,,16769,828763,23.451,17201,0.1255,,,,,,,,,,,,,91.67
29/05/2020,1618,22,1.08,,,,,,,,,19104,847867,23.991,17422,0.1152,,,,,,,,,,,,,91.67
30/05/2020,1877,23,1.08,,,,,,,,,16200,864067,24.45,17034,0.1109,,,,,,,,,,,,,91.67
31/05/2020,1881,22,1.09,,,,,,,,,15854,879921,24.898,16649,0.109,,,,,,,,,,,,,81.94
01/06/2020,1869,24,1.1,,,,,,,,,15364,895285,25.333,16463,0.1071,,,,,,,,,,,,,81.94
02/06/2020,2171,30,1.11,,,,,,,,,16976,912261,25.813,16671,0.1053,,,,,,,,,,,,,81.94
03/06/2020,1975,32,1.12,,,,,,,,,16246,928507,26.273,16645,0.1085,,,,,,,,,,,,,81.94
04/06/2020,2591,31,1.13,,,,,,,,,21763,950270,26.889,17358,0.1068,,,,,,,,,,,,,81.94
05/06/2020,3121,34,1.14,,,,,,,,,24229,974499,27.574,18090,0.1104,,,,,,,,,,,,,81.94
06/06/2020,3045,36,1.16,,,,,,,,,25036,999535,28.283,19353,0.1143,,,,,,,,,,,,,81.94
07/06/2020,3369,34,1.16,,,,,,,,,18578,1018113,28.809,19742,0.1205,,,,,,,,,,,,,81.94
08/06/2020,3288,37,1.17,,,,,,,,,20858,1038971,29.399,20527,0.1263,,,,,,,,,,,,,81.94
09/06/2020,3717,36,1.17,,,,,,,,,22139,1061110,30.025,21264,0.1314,,,,,,,,,,,,,81.94
10/06/2020,3733,38,1.17,,,,,,,,,22500,1083610,30.662,22158,0.1361,,,,,,,,,,,,,81.94
11/06/2020,3921,36,1.17,,,,,,,,,27324,1110934,31.435,22952,0.1423,,,,,,,,,,,,,81.94
12/06/2020,3366,39,1.17,,,,,,,,,17385,1128319,31.927,21974,0.1573,,,,,,,,,,,,,81.94
13/06/2020,4233,40,1.16,,,,,,,,,19377,1147696,32.475,21166,0.1649,,,,,,,,,,,,,81.94
14/06/2020,4507,39,1.16,,,,,,,,,20255,1167951,33.048,21405,0.171,,,,,,,,,,,,,81.94
15/06/2020,4267,41,1.15,,,,,,,,,17629,1185580,33.547,20944,0.1826,,,,,,,,,,,,,81.94
16/06/2020,4919,39,1.14,,,,,,,,,23484,1209064,34.212,21136,0.1875,,,,,,,,,,,,,81.94
17/06/2020,4757,48,1.13,,,,,,,,,30507,1239571,35.075,22280,0.1856,,,,,,,,,,,,,81.94
18/06/2020,4301,45,1.11,,,,,,,,,26016,1265587,35.811,22093,0.1938,,,,,,,,,,,,,81.94
19/06/2020,3941,46,1.1,,,,,,,,,24708,1290295,36.51,23139,0.1874,,,,,,,,,,,,,81.94
20/06/2020,3379,37,1.08,,,,,,,,,35656,1325951,37.519,25465,0.1735,,,,,,,,,,,,,81.94
21/06/2020,3393,40,1.07,,,,,,,,,33614,1359565,38.47,27373,0.1569,,,,,,,,,,,,,71.3
22/06/2020,3139,39,1.06,,,,,,,,,27253,1386818,39.241,28748,0.1439,,,,,,,,,,,,,71.3
23/06/2020,3123,41,1.05,,,,,,,,,34511,1421329,40.218,30324,0.1311,,,,,,,,,,,,,71.3
24/06/2020,3372,41,1.04,,,,,,,,,37740,1459069,41.286,31357,0.1186,,,,,,,,,,,,,71.3
25/06/2020,3938,46,1.03,,,,,,,,,38470,1497539,42.374,33136,0.1063,,,,,,,,,,,,,71.3
26/06/2020,3927,37,1.03,,,,,,,,,44275,1541814,43.627,35931,0.0966,,,,,,,,,,,,,71.3
27/06/2020,3989,40,1.02,,,,,,,,,45521,1587335,44.915,37341,0.0929,,,,,,,,,,,,,71.3
28/06/2020,3943,48,1.02,,,,,,,,,45104,1632439,46.191,38982,0.0912,,,,,,,,,,,,,71.3
29/06/2020,4387,50,1.01,,,,,,,,,48173,1680612,47.555,41971,0.0866,,,,,,,,,,,,,71.3
30/06/2020,3402,49,1,,,,,,,,,35173,1715785,48.55,42065,0.0906,,,,,,,,,,,,,71.3
01/07/2020,3383,54,1,,,,,,,,,53214,1768999,50.056,44276,0.087,,,,,,,,,,,,,71.3
02/07/2020,4193,50,0.99,,,,,,,,,43927,1812926,51.299,45055,0.0855,,,,,,,,,,,,,71.3
03/07/2020,4128,56,0.98,,,,,,,,,52135,1865061,52.774,46178,0.0842,,,,,,,,,,,,,71.3
04/07/2020,3580,58,0.97,,,,,,,,,50564,1915625,54.205,46899,0.0835,,,,,,,,,,,,,71.3
05/07/2020,4207,52,0.96,,,,,,,,,60064,1975689,55.904,49036,0.0787,,,,,,,,,,,,,71.3
06/07/2020,3392,49,0.95,,,,,,,,,42968,2018657,57.12,48292,0.0807,,,,,,,,,,,,,71.3
07/07/2020,3036,42,0.94,,,,,,,,,56324,2074981,58.714,51314,0.0732,,,,,,,,,,,,,71.3
08/07/2020,3183,41,0.93,,,,,,,,,56311,2131292,60.307,51756,0.0715,,,,,,,,,,,,,71.3
09/07/2020,3159,51,0.92,,,,,,,,,57630,2188922,61.938,53714,0.0684,,,,,,,,,,,,,71.3
10/07/2020,2994,30,0.91,,,,,,,,,50000,2238922,63.353,53409,0.066,,,,,,,,,,,,,71.3
11/07/2020,2779,42,0.91,,,,,,,,,47587,2286509,64.699,52983,0.0635,,,,,,,,,,,,,71.3
12/07/2020,2852,20,0.9,,,,,,,,,69313,2355822,66.66,54305,0.0598,,,,,,,,,,,,,71.3
13/07/2020,2692,40,0.89,,,,,,,,,43957,2399779,67.904,54446,0.0561,,,,,,,,,,,,,71.3
14/07/2020,2671,42,0.89,,,,,,,,,62168,2461947,69.663,55281,0.0535,,,,,,,,,,,,,71.3
15/07/2020,2764,45,0.88,,,,,,,,,61348,2523295,71.399,56000,0.0519,,,,,,,,,,,,,71.3
16/07/2020,2613,37,0.88,,,,,,,,,68707,2592002,73.343,57583,0.0494,,,,,,,,,,,,,71.3
17/07/2020,2565,40,0.87,,,,,,,,,65522,2657524,75.197,59800,0.0463,,,,,,,,,,,,,71.3
18/07/2020,2504,39,0.87,,,,,,,,,51298,2708822,76.649,60330,0.0448,,,,,,,,,,,,,71.3
19/07/2020,2429,37,0.87,,,,,,,,,60656,2769478,78.365,59094,0.0451,,,,,,,,,,,,,71.3
20/07/2020,2476,34,0.86,,,,,,,,,59608,2829086,80.052,61330,0.0425,,,,,,,,,,,,,71.3
21/07/2020,2331,44,0.86,,,,,,,,,55338,2884424,81.618,60354,0.0427,,,,,,,,,,,,,71.3
22/07/2020,2238,34,0.85,,,,,,,,,60530,2944954,83.33,60237,0.0419,,,,,,,,,,,,,71.3
23/07/2020,2378,37,0.85,,,,,,,,,55660,3000614,84.905,58373,0.042,,,,,,,,,,,,,71.3
24/07/2020,2201,31,0.85,,,,,,,,,55970,3056584,86.489,57009,0.0424,,,,,,,,,,,,,71.3
25/07/2020,1968,30,0.84,,,,,,,,,60374,3116958,88.197,58305,0.0406,,,,,,,,,,,,,71.3
26/07/2020,1993,27,0.84,,,,,,,,,56951,3173909,89.809,57776,0.0396,,,,,,,,,,,,,71.3
27/07/2020,1897,29,0.84,,,,,,,,,67295,3241204,91.713,58874,0.0378,,,,,,,,,,,,,71.3
28/07/2020,1759,27,0.83,,,,,,,,,66003,3307207,93.581,60398,0.0355,,,,,,,,,,,,,71.3
29/07/2020,1629,26,0.83,,,,,,,,,55119,3362326,95.14,59625,0.0346,,,,,,,,,,,,,71.3
30/07/2020,1686,24,0.83,,,,,,,,,64007,3426333,96.952,60817,0.0325,,,,,,,,,,,,,71.3
31/07/2020,1573,21,0.83,,,,,,,,,48305,3474638,98.318,59722,0.0314,,,,,,,,,,,,,71.3
01/08/2020,1357,30,0.83,,,,,,,,,39824,3514462,99.445,56786,0.0315,,,,,,,,,,,,,71.3
02/08/2020,1258,32,0.83,,,,,,,,,44519,3558981,100.705,55010,0.0309,,,,,,,,,,,,,71.3
03/08/2020,1342,35,0.83,,,,,,,,,57483,3616464,102.331,53609,0.0297,,,,,,,,,,,,,71.3
04/08/2020,1389,36,0.83,,,,,,,,,55257,3671721,103.895,52073,0.0291,,,,,,,,,,,,,71.3
05/08/2020,1402,35,0.84,,,,,,,,,58724,3730445,105.557,52588,0.0278,,,,,,,,,,,,,71.3
06/08/2020,1567,38,0.84,,,,,,,,,61457,3791902,107.296,52224,0.0274,,,,,,,,,,,,,71.3
07/08/2020,1469,37,0.85,,,,,,,,,64004,3855906,109.107,54467,0.0259,,,,,,,,,,,,,71.3
08/08/2020,1428,37,0.85,,,,,,,,,61582,3917488,110.849,57575,0.0243,,,,,,,,,,,,,71.3
09/08/2020,1257,32,0.86,,,,,,,,,62483,3979971,112.617,60141,0.0234,,,,,,,,,,,,,71.3
10/08/2020,1521,34,0.86,,,,,,,,,63986,4043957,114.428,61070,0.0231,,,,,,,,,,,,,71.3
11/08/2020,1569,36,0.87,,,,,,,,,70834,4114791,116.432,63296,0.0226,,,,,,,,,,,,,60.19
12/08/2020,1482,34,0.87,,,,,,,,,73912,4188703,118.524,65465,0.0223,,,,,,,,,,,,,60.19
13/08/2020,1383,35,0.87,,,,,,,,,69505,4258208,120.49,66615,0.0221,,,,,,,,,,,,,60.19
14/08/2020,1413,31,0.87,,,,,,,,,67030,4325238,122.387,67047,0.0215,,,,,,,,,,,,,60.19
15/08/2020,1227,39,0.87,,,,,,,,,63174,4388412,124.175,67275,0.0213,,,,,,,,,,,,,60.19
16/08/2020,1372,28,0.87,,,,,,,,,58771,4447183,125.838,66745,0.0211,,,,,,,,,,,,,60.19
17/08/2020,1409,34,0.87,,,,,,,,,63870,4511053,127.645,66728,0.0213,,,,,,,,,,,,,60.19
18/08/2020,1363,36,0.87,,,,,,,,,64225,4575278,129.462,65784,0.0214,,,,,,,,,,,,,60.19
19/08/2020,1287,42,0.87,,,,,,,,,64778,4640056,131.295,64479,0.0214,,,,,,,,,,,,,60.19
20/08/2020,1213,32,0.87,,,,,,,,,65571,4705627,133.15,63917,0.0211,,,,,,,,,,,,,60.19
21/08/2020,1184,39,0.86,,,,,,,,,62278,4767905,134.913,63238,0.021,,,,,,,,,,,,,60.19
22/08/2020,1109,30,0.86,,,,,,,,,55471,4823376,136.482,62138,0.0208,,,,,,,,,,,,,60.19
23/08/2020,1175,42,0.86,,,,,,,,,61693,4885069,138.228,62555,0.0204,,,,,,,,,,,,,60.19
24/08/2020,1114,31,0.86,,,,,,,,,61865,4946934,139.978,62269,0.0201,,,,,,,,,,,,,60.19
25/08/2020,1068,33,0.85,,,,,,,,,61625,5008559,141.722,61897,0.0195,,,,,,,,,,,,,60.19
26/08/2020,1019,30,0.85,,,,,,,,,66423,5074982,143.602,62132,0.0187,,,,,,,,,,,,,60.19
27/08/2020,1069,28,0.85,,,,,,,,,63353,5138335,145.394,61815,0.0182,,,,,,,,,,,,,60.19
28/08/2020,987,27,0.85,,,,,,,,,55166,5193501,146.955,60799,0.0182,,,,,,,,,,,,,60.19
29/08/2020,910,30,0.84,,,,,,,,,40624,5234125,148.105,58678,0.0184,,,,,,,,,,,,,60.19
30/08/2020,951,27,0.84,,,,,,,,,50094,5284219,149.522,57021,0.0184,,,,,,,,,,,,,60.19
31/08/2020,898,32,0.84,,,,,,,,,53147,5337366,151.026,55776,0.0182,,,,,,,,,,,,,60.19
01/09/2020,816,27,0.84,,,,,,,,,55801,5393167,152.605,54944,0.0179,,,,,,,,,,,,,60.19
02/09/2020,833,26,0.83,,,,,,,,,51811,5444978,154.071,52857,0.018,,,,,,,,,,,,,60.19
03/09/2020,822,33,0.83,,,,,,,,,55805,5500783,155.65,51778,0.0178,,,,,,,,,,,,,60.19
04/09/2020,791,34,0.83,,,,,,,,,53168,5553951,157.155,51493,0.0172,,,,,,,,,,,,,60.19
05/09/2020,756,32,0.83,,,,,,,,,44823,5598774,158.423,52093,0.0165,,,,,,,,,,,,,60.19
06/09/2020,768,26,0.83,,,,,,,,,47329,5646103,159.762,51698,0.0162,,,,,,,,,,,,,60.19
07/09/2020,781,30,0.83,,,,,,,,,51848,5697951,161.229,51512,0.0158,,,,,,,,,,,,,60.19
08/09/2020,775,28,0.83,,,,,,,,,52363,5750314,162.711,51021,0.0156,,,,,,,,,,,,,60.19
09/09/2020,708,24,0.83,,,,,,,,,44449,5794763,163.969,49969,0.0158,,,,,,,,,,,,,60.19
10/09/2020,687,24,0.83,,,,,,,,,58742,5853505,165.631,50389,0.0153,,,,,,,,,,,,,60.19
11/09/2020,643,27,0.83,,,,,,,,,44336,5897841,166.885,49127,0.0153,,,,,,,,,,,,,60.19
12/09/2020,601,28,0.83,,,,,,,,,39380,5937221,168,48350,0.0151,,,,,,,,,,,,,60.19
13/09/2020,607,37,0.83,,,,,,,,,47183,5984404,169.335,48329,0.0147,,,,,,,,,,,,,60.19
14/09/2020,672,33,0.83,,,,,,,,,54611,6039015,170.88,48723,0.0141,,,,,,,,,,,,,60.19
15/09/2020,621,31,0.84,,,,,,,,,53352,6092367,172.39,48865,0.0137,,,,,,,,,,,,,57.41
16/09/2020,593,30,0.84,,,,,,,,,52193,6144560,173.866,49971,0.013,,,,,,,,,,,,,57.41
17/09/2020,576,31,0.84,,,,,,,,,52858,6197418,175.362,49130,0.0129,,,,,,,,,,,,,57.41
18/09/2020,551,28,0.84,,,,,,,,,46190,6243608,176.669,49395,0.0125,,,,,,,,,,,,,57.41
19/09/2020,483,27,0.84,,,,,,,,,43191,6286799,177.891,49940,0.0121,,,,,,,,,,,,,57.41
20/09/2020,492,27,0.84,,,,,,,,,46810,6333609,179.216,49886,0.0117,,,,,,,,,,,,,57.41
21/09/2020,552,30,0.84,,,,,,,,,51525,6385134,180.674,49446,0.0115,,,,,,,,,,,,,57.41
22/09/2020,561,27,0.85,,,,,,,,,48854,6433988,182.056,48803,0.0113,,,,,,,,,,,,,57.41
23/09/2020,498,30,0.85,,,,,,,,,46037,6480025,183.359,47924,0.0114,,,,,,,,,,,,,57.41
24/09/2020,472,26,0.85,,,,,,,,,38698,6518723,184.454,45901,0.0116,,,,,,,,,,,,,57.41
25/09/2020,461,30,0.86,,,,,,,,,38528,6557251,185.544,44806,0.0115,,,,,,,,,,,,,57.41
26/09/2020,403,28,0.86,,,,,,,,,34300,6591551,186.515,43536,0.0115,,,,,,,,,,,,,57.41
27/09/2020,455,29,0.86,,,,,,,,,44112,6635663,187.763,43151,0.0114,,,,,,,,,,,,,57.41
28/09/2020,539,27,0.87,,,,,,,,,51676,6687339,189.225,43172,0.0113,,,,,,,,,,,,,57.41
29/09/2020,418,29,0.87,,,,,,,,,47320,6734659,190.564,42953,0.0113,,,,,,,,,,,,,57.41
30/09/2020,492,26,0.88,,,,,,,,,49535,6784194,191.966,43453,0.0107,,,,,,,,,,,,,57.41
01/10/2020,481,29,0.88,,,,,,,,,51632,6835826,193.427,45300,0.0102,,,,,,,,,,,,,57.41
02/10/2020,419,27,0.88,,,,,,,,,46019,6881845,194.729,46371,0.01,,,,,,,,,,,,,57.41
03/10/2020,390,25,0.89,,,,,,,,,39340,6921185,195.842,47091,0.0097,,,,,,,,,,,,,57.41
04/10/2020,379,23,0.89,,,,,,,,,47129,6968314,197.175,47522,0.0096,,,,,,,,,,,,,57.41
05/10/2020,477,25,0.9,,,,,,,,,50785,7019099,198.612,47394,0.0094,,,,,,,,,,,,,57.41
06/10/2020,468,24,0.9,,,,,,,,,52184,7071283,200.089,48089,0.0091,,,,,,,,,,,,,57.41
07/10/2020,421,25,0.9,,,,,,,,,48341,7119624,201.457,47919,0.0093,,,,,,,,,,,,,57.41
08/10/2020,407,24,0.91,,,,,,,,,53894,7173518,202.982,48242,0.009,,,,,,,,,,,,,57.41
09/10/2020,405,22,0.91,,,,,,,,,46189,7219707,204.289,48266,0.0088,,,,,,,,,,,,,57.41
10/10/2020,323,25,0.92,,,,,,,,,38239,7257946,205.371,48109,0.0088,,,,,,,,,,,,,57.41
11/10/2020,348,25,0.92,,,,,,,,,45703,7303649,206.664,47905,0.0086,,,,,,,,,,,,,57.41
12/10/2020,474,19,0.92,,,,,,,,,49495,7353144,208.065,47721,0.0085,,,,,,,,,,,,,57.41
13/10/2020,501,21,0.93,,,,,,,,,51849,7404993,209.532,47673,0.0085,,,,,,,,,,,,,57.41
14/10/2020,472,19,0.93,,,,,,,,,52966,7457959,211.03,48334,0.0085,,,,,,,,,,,,,57.41
15/10/2020,433,17,0.94,,,,,,,,,53032,7510991,212.531,48210,0.0087,,,,,,,,,,,,,57.41
16/10/2020,359,21,0.94,,,,,,,,,47926,7558917,213.887,48459,0.0087,,,,,,,,,,,,,57.41
17/10/2020,348,20,0.94,,,,,,,,,38385,7597302,214.973,48479,0.0086,,,,,,,,,,,,,57.41
18/10/2020,381,16,0.94,,,,,,,,,48884,7646186,216.357,48934,0.0086,,,,,,,,,,,,,57.41
19/10/2020,385,16,0.94,,,,,,,,,54477,7700663,217.898,49646,0.0085,,,,,,,,,,,,,57.41
20/10/2020,405,18,0.94,,,,,,,,,51643,7752306,219.359,49616,0.0083,,,,,,,,,,,,,57.41
21/10/2020,401,15,0.95,,,,,,,,,53523,7805829,220.874,49696,0.008,,,,,,,,,,,,,57.41
22/10/2020,383,14,0.95,,,,,,,,,52876,7858705,222.37,49673,0.0078,,,,,,,,,,,,,57.41
23/10/2020,395,17,0.95,,,,,,,,,54809,7913514,223.921,50657,0.0075,,,,,,,,,,,,,57.41
24/10/2020,323,15,0.95,,,,,,,,,50014,7963528,225.336,52318,0.0074,,,,,,,,,,,,,57.41
25/10/2020,357,17,0.96,,,,,,,,,52321,8015849,226.816,52809,0.0072,,,,,,,,,,,,,57.41
26/10/2020,399,16,0.96,,,,,,,,,57870,8073719,228.454,53294,0.0071,,,,,,,,,,,,,57.41
27/10/2020,416,19,0.96,,,,,,,,,58561,8132280,230.111,54282,0.007,,,,,,,,,,,,,57.41
28/10/2020,435,15,0.97,,,,,,,,,55907,8188187,231.693,54623,0.007,,,,,,,,,,,,,57.41
29/10/2020,398,20,0.97,,,,,,,,,56255,8244442,233.285,55105,0.007,,,,,,,,,,,,,57.41
30/10/2020,402,19,0.97,,,,,,,,,51418,8295860,234.74,54621,0.0071,,,,,,,,,,,,,53.7
31/10/2020,374,18,0.97,,,,,,,,,44840,8340700,236.008,53882,0.0072,,,,,,,,,,,,,53.7
01/11/2020,381,17,0.97,,,,,,,,,53819,8394519,237.531,54096,0.0073,,,,,,,,,,,,,53.7
02/11/2020,473,19,0.97,,,,,,,,,58930,8453449,239.199,54247,0.0074,,,,,,,,,,,,,53.7
03/11/2020,426,15,0.97,,,,,,,,,63664,8517113,241,54976,0.0075,,,,,,,,,,,,,53.7
04/11/2020,450,18,0.97,,,,,,,,,59317,8576430,242.679,55463,0.0074,,,,,,,,,,,,,53.7
05/11/2020,436,17,0.96,,,,,,,,,61866,8638296,244.429,56265,0.0074,,,,,,,,,,,,,53.7
06/11/2020,407,19,0.96,,,,,,,,,53726,8692022,245.949,56595,0.0074,,,,,,,,,,,,,53.7
07/11/2020,363,15,0.96,,,,,,,,,45471,8737493,247.236,56685,0.0074,,,,,,,,,,,,,53.7
08/11/2020,392,19,0.95,,,,,,,,,53583,8791076,248.752,56651,0.0074,,,,,,,,,,,,,53.7
09/11/2020,471,17,0.95,,,,,,,,,64590,8855666,250.58,57460,0.0073,,,,,,,,,,,,,53.7
10/11/2020,394,14,0.94,,,,,,,,,62922,8918588,252.36,57354,0.0073,,,,,,,,,,,,,53.7
11/11/2020,311,15,0.93,,,,,,,,,50851,8969439,253.799,56144,0.0074,,,,,,,,,,,,,53.7
12/11/2020,441,20,0.92,,,,,,,,,62611,9032050,255.571,56251,0.007,,,,,,,,,,,,,53.7
13/11/2020,349,16,0.92,,,,,,,,,51139,9083189,257.018,55881,0.0071,,,,,,,,,,,,,53.7
14/11/2020,305,16,0.91,,,,,,,,,44855,9128044,258.287,55793,0.007,,,,,,,,,,,,,53.7
15/11/2020,301,19,0.9,,,,,,,,,53147,9181191,259.791,55731,0.0068,,,,,,,,,,,,,53.7
16/11/2020,362,16,0.9,,,,,,,,,59792,9240983,261.483,55045,0.0067,,,,,,,,,,,,,53.7
17/11/2020,290,18,0.89,,,,,,,,,56691,9297674,263.087,54155,0.0065,,,,,,,,,,,,,53.7
18/11/2020,319,19,0.88,,,,,,,,,59259,9356933,264.764,55356,0.0061,,,,,,,,,,,,,53.7
19/11/2020,286,16,0.88,,,,,,,,,57434,9414367,266.389,54617,0.0062,,,,,,,,,,,,,53.7
20/11/2020,221,16,0.88,,,,,,,,,47445,9461812,267.731,54089,0.0058,,,,,,,,,,,,,53.7
21/11/2020,224,19,0.87,,,,,,,,,36558,9498370,268.766,52904,0.0056,,,,,,,,,,,,,53.7
22/11/2020,231,16,0.87,,,,,,,,,40395,9538765,269.909,51082,0.0056,,,,,,,,,,,,,53.7
23/11/2020,252,15,0.87,,,,,,,,,55276,9594041,271.473,50437,0.0055,,,,,,,,,,,,,53.7
24/11/2020,326,14,0.87,,,,,,,,,50738,9644779,272.909,49586,0.0053,,,,,,,,,,,,,53.7
25/11/2020,322,15,0.87,,,,,,,,,51831,9696610,274.375,48525,0.0055,,,,,,,,,,,,,53.7
26/11/2020,302,17,0.87,,,,,,,,,51949,9748559,275.845,47742,0.0056,,,,,,,,,,,,,53.7
27/11/2020,220,13,0.87,,,,,,,,,36709,9785268,276.884,46208,0.0058,,,,,,,,,,,,,53.7
28/11/2020,217,14,0.87,,,,,,,,,34616,9819884,277.863,45931,0.0058,,,,,,,,,,,,,53.7
29/11/2020,232,12,0.87,,,,,,,,,39224,9859108,278.973,45763,0.0058,,,,,,,,,,,,,53.7
30/11/2020,263,11,0.86,,,,,,,,,46372,9905480,280.285,44491,0.006,,,,,,,,,,,,,53.7
01/12/2020,249,12,0.86,,,,,,,,,47337,9952817,281.625,44005,0.0061,,,,,,,,,,,,,53.7
02/12/2020,230,11,0.86,,,,,,,,,42125,9994942,282.817,42619,0.0061,,,,,,,,,,,,,53.7
03/12/2020,234,10,0.86,,,,,,,,,44306,10039248,284.071,41527,0.0059,,,,,,,,,,,,,53.7
04/12/2020,190,14,0.86,,,,,,,,,34621,10073869,285.05,41229,0.0057,,,,,,,,,,,,,53.7
05/12/2020,187,11,0.85,,,,,,,,,32790,10106659,285.978,40968,0.0056,,,,,,,,,,,,,53.7
06/12/2020,209,12,0.85,,,,,,,,,40371,10147030,287.12,41132,0.0055,,,,,,,,,,,,,53.7
07/12/2020,193,12,0.85,,,,,,,,,44601,10191631,288.382,40879,0.0055,,,,,,,,,,,,,53.7
08/12/2020,159,13,0.85,,,,,,,,,41959,10233590,289.57,40110,0.0053,,,,,,,,,,,,,53.7
09/12/2020,141,10,0.85,,,,,,,,,41775,10275365,290.752,40060,0.005,,,,,,,,,,,,,53.7
10/12/2020,168,11,0.85,,,,,,,,,41267,10316632,291.919,39626,0.0047,,,,,,,,,,,,,53.7
11/12/2020,166,13,0.85,,,,,,,,,32958,10349590,292.852,39389,0.0045,,,,,,,,,,,,,53.7
12/12/2020,139,12,0.86,,,,,,,,,29142,10378732,293.677,38868,0.0045,,,,,,,,,,,,,53.7
13/12/2020,125,11,0.86,,,,,,,,,30902,10409634,294.551,37515,0.0045,,,,,,,,,,,,,53.7
14/12/2020,142,10,0.87,,,,,,,,,34552,10444186,295.529,36079,0.0043,,,,,,,,,,,,,53.7
15/12/2020,180,11,0.87,,,,,,,,,46619,10490805,296.848,36745,0.004,,,,,,,,,,,,,53.7
16/12/2020,181,11,0.88,,,,,,,,,39441,10530246,297.964,36412,0.0042,,,,,,,,,,,,,53.7
17/12/2020,174,10,0.89,,,,,,,,,42448,10572694,299.165,36580,0.0043,,,,,,,,,,,,,53.7
18/12/2020,158,11,0.9,,,,,,,,,33676,10606370,300.118,36683,0.0043,,,,,,,,,,,,,53.7
19/12/2020,162,10,0.9,,,,,,,,,33275,10639645,301.059,37273,0.0042,,,,,,,,,,,,,53.7
20/12/2020,168,9,0.91,,,,,,,,,36373,10676018,302.089,38055,0.0042,,,,,,,,,,,,,56.48
21/12/2020,181,8,0.91,,,,,,,,,39610,10715628,303.209,38777,0.0043,,,,,,,,,,,,,56.48
22/12/2020,177,9,0.91,,,,,,,,,39564,10755192,304.329,37770,0.0046,,,,,,,,,,,,,56.48
23/12/2020,189,11,0.92,,,,,,,,,34698,10789890,305.311,37092,0.0046,,,,,,,,,,,,,56.48
24/12/2020,178,9,0.92,,,,,,,,,32339,10822229,306.226,35648,0.0048,,,,,,,,,,,,,56.48
25/12/2020,163,8,0.92,,,,,,,,,28916,10851145,307.044,34968,0.005,,,,,,,,,,,,,56.48
26/12/2020,154,9,0.92,,,,,,,,,21775,10872920,307.66,33325,0.0052,,,,,,,,,,,,,56.48
27/12/2020,119,11,0.91,,,,,,,,,30109,10903029,308.512,32430,0.0053,,,,,,,,,,,,,56.48
28/12/2020,149,8,0.91,,,,,,,,,34677,10937706,309.493,31725,0.0052,,,,,,,,,,,,,56.48
29/12/2020,113,10,0.91,,,,,,,,,36149,10973855,310.516,31238,0.0052,,,,,,,,,,,,,56.48
30/12/2020,140,9,0.91,,,,,,,,,36529,11010384,311.55,31499,0.0048,,,,,,,,,,,,,56.48
31/12/2020,137,7,0.92,,,,,,,,,36383,11046767,312.579,32077,0.0045,,,,,,,,,,,,,56.48
01/01/2021,101,9,0.92,,,,,,,,,27169,11073936,313.348,31827,0.0044,,,,,,,,,,,,,56.48
02/01/2021,82,7,0.92,,,,,,,,,29252,11103188,314.176,32895,0.004,,,,,,,,,,,,,56.48
03/01/2021,94,10,0.93,,,,,,,,,31689,11134877,315.073,33121,0.0036,,,,,,,,,,,,,56.48
04/01/2021,104,9,0.94,,,,,,,,,39433,11174310,316.188,33801,0.0034,,,,,,,,,,,,,56.48
05/01/2021,118,7,0.95,,,,,,,,,39795,11214105,317.314,34321,0.0032,,,,,,,,,,,,,56.48
06/01/2021,108,6,0.97,,,,,,,,,36161,11250266,318.338,34269,0.0032,137862,,,,,,0.39,,,,,,56.48
07/01/2021,97,4,0.98,,,,,,,,,47061,11297327,319.669,35794,0.003,,,,,,13492,,,,382,,,56.48
08/01/2021,110,4,1,,,,,,,,,37043,11334370,320.717,37205,0.0027,,,,,,13492,,,,382,,,56.48
09/01/2021,117,5,1.02,,,,,,,,,28324,11362694,321.519,37072,0.0027,178338,,,,,13492,0.5,,,382,,,56.48
10/01/2021,140,4,1.03,,,,,,,,,42599,11405293,322.724,38631,0.0028,,,,,,14304,,,,405,,,56.48
11/01/2021,147,5,1.05,,,,,,,,,50138,11455431,324.143,40160,0.0028,,,,,,14792,,,,419,,,56.48
12/01/2021,175,4,1.07,,,,,,,,,48910,11504341,325.527,41462,0.0029,,,,,,15117,,,,428,,,53.7
13/01/2021,169,6,1.09,,,,,,,,,49133,11553474,326.917,43315,0.0029,,,,,,15349,,,,434,,,53.7
14/01/2021,173,3,1.1,,,,,,,,,50695,11604169,328.352,43835,0.0031,,,,,,15813,,,,447,,,53.7
15/01/2021,140,5,1.11,,,,,,,,,43255,11647424,329.576,44722,0.0033,,,,,,16277,,,,461,,,53.7
16/01/2021,176,5,1.12,,,,,,,,,39774,11687198,330.701,46358,0.0033,295530,,,,,16742,0.84,,,474,,,53.7
17/01/2021,170,6,1.13,,,,,,,,,45064,11732262,331.976,46710,0.0034,,,,,,16312,,,,462,,,53.7
18/01/2021,226,6,1.14,,,,,,,,,56351,11788613,333.571,47597,0.0035,,,,,,15881,,,,449,,,53.7
19/01/2021,238,3,1.15,,,,,,,,,52565,11841178,335.058,48120,0.0036,,,,,,15451,,,,437,,,53.7
20/01/2021,212,4,1.15,,,,,,,,,52105,11893283,336.532,48544,0.0038,,,,,,15021,,,,425,,,53.7
21/01/2021,213,4,1.15,,,,,,,,,49306,11942589,337.928,48346,0.0039,,,,,,14591,,,,413,,,53.7
22/01/2021,197,4,1.16,,,,,,,,,33875,11976464,338.886,47006,0.0042,,,,,,14161,,,,401,,,53.7
23/01/2021,186,2,1.16,,,,,,,,,35527,12011991,339.891,46399,0.0044,391643,,,,,13730,1.11,,,389,,,53.7
24/01/2021,213,3,1.16,,,,,,,,,43695,12055686,341.128,46203,0.0045,,,,,,12768,,,,361,,,53.7
25/01/2021,223,4,1.16,,,,,,,,,44642,12100328,342.391,44531,0.0048,,,,,,11806,,,,334,,,53.7
26/01/2021,216,4,1.16,,,,,,,,,46333,12146661,343.702,43640,0.0049,,,,,,10844,,,,307,,,53.7
27/01/2021,253,3,1.16,,,,,,,,,45115,12191776,344.979,42642,0.0049,,,,,,9882,,,,280,,,53.7
28/01/2021,267,2,1.17,,,,,,,,,48445,12240221,346.349,42519,0.005,,,,,,8920,,,,252,,,53.7
29/01/2021,270,4,1.17,,,,,,,,,36768,12276989,347.39,42932,0.0052,,,,,,7958,,,,225,,,53.7
30/01/2021,261,3,1.17,,,,,,,,,36964,12313953,348.436,43137,0.0054,440618,,,,,6996,1.25,,,198,,,53.7
31/01/2021,255,4,1.17,,,,,,,,,44496,12358449,349.695,43252,0.0056,,,,,,6047,,,,171,,,53.7
01/02/2021,310,4,1.17,,,,,,,,,52176,12410625,351.171,44328,0.0056,,,,,,5097,,,,144,,,53.7
02/02/2021,306,3,1.17,,,,,,,,,51597,12462222,352.631,45080,0.0058,,,,,,4148,,,,117,,,53.7
03/02/2021,303,3,1.17,,,,,,,,,54851,12517073,354.183,46471,0.0059,,,,,,3198,,,,90,,,53.7
04/02/2021,327,4,1.16,,,,,,,,,54056,12571129,355.713,47273,0.006,,,,,,2249,,,,64,,,57.41
05/02/2021,386,4,1.16,,,,,,,,,45874,12617003,357.011,48573,0.006,,,,,,1299,,,,37,,,57.41
06/02/2021,317,5,1.16,,,,,,,,,46166,12663169,358.317,49888,0.0062,,,,,,350,,,,10,,,57.41
07/02/2021,356,4,1.15,,,,,,,,,48260,12711429,359.683,50426,0.0062,,,,,,350,,,,10,,,57.41
08/02/2021,353,4,1.14,,,,,,,,,53039,12764468,361.183,50549,0.0065,,,,,,350,,,,10,,,57.41
09/02/2021,369,5,1.13,,,,,,,,,50942,12815410,362.625,50455,0.0066,,,,,,350,,,,10,,,57.41
10/02/2021,364,5,1.13,,,,,,,,,50339,12865749,364.049,49811,0.0069,444465,,,,,350,1.26,,,10,,,57.41
11/02/2021,353,4,1.12,,,,,,,,,52454,12918203,365.534,49582,0.0071,,,,,,418,,,,12,,,57.41
12/02/2021,337,5,1.11,,,,,,,,,46841,12965044,366.859,49720,0.0072,,,,,,486,,,,14,,,57.41
13/02/2021,322,4,1.1,,,,,,,,,41465,13006509,368.032,49049,0.0071,446940,,,,,553,1.26,,,16,,,57.41
14/02/2021,314,5,1.09,,,,,,,,,49060,13055569,369.42,49163,0.0071,,,,,,1637,,,,46,,,57.41
15/02/2021,322,3,1.08,,,,,,,,,52357,13107926,370.902,49065,0.007,462812,,,,,2721,1.31,,,77,,,57.41
16/02/2021,334,4,1.08,,,,,,,,,49608,13157534,372.306,48875,0.007,,,,,,5449,,,,154,,,57.41
17/02/2021,327,5,1.07,,,,,,,,,51419,13208953,373.761,49029,0.0068,501710,,,,,8178,1.42,,,231,,,57.41
18/02/2021,337,4,1.07,,,,,,,,,48779,13257732,375.141,48504,0.0068,,,,,,10891,,,,308,,,57.41
19/02/2021,325,3,1.06,,,,,,,,,38376,13296108,376.227,47295,0.0069,,,,,,13604,,,,385,,,57.41
20/02/2021,315,4,1.06,,,,,,,,,36218,13332326,377.252,46545,0.007,,,,,,16318,,,,462,,,57.41
21/02/2021,327,5,1.06,,,,,,,,,41010,13373336,378.412,45395,0.0072,,,,,,18015,,,,510,,,57.41
22/02/2021,335,4,1.06,,,,,,,,,45080,13418416,379.688,44356,0.0074,600798,,,,,19712,1.7,,,558,,,57.41
23/02/2021,353,5,1.05,,,,,,,,,45388,13463804,380.972,43753,0.0075,,,,,,19704,,,,558,,,57.41
24/02/2021,356,5,1.05,,,,,,,,,45608,13509412,382.262,42923,0.0077,639587,,,,,19697,1.81,,,557,,,57.41
25/02/2021,346,3,1.05,,,,,,,,,45027,13554439,383.536,42387,0.0079,,,,,,23584,,,,667,,,57.41
26/02/2021,338,5,1.05,,,,,,,,,39707,13594146,384.66,42577,0.0079,,,,,,27471,,,,777,,,57.41
27/02/2021,322,6,1.05,,,,,,,,,38931,13633077,385.762,42964,0.0079,780667,,,,,31358,2.21,,,887,,,57.41
28/02/2021,317,6,1.05,,,,,,,,,47125,13680202,387.095,43838,0.0077,,,,,,36008,,,,1019,,,57.41
01/03/2021,302,5,1.05,,,,,,,,,47290,13727492,388.433,44154,0.0077,885411,,,,,40659,2.51,,,1150,,,57.41
02/03/2021,331,5,1.05,,,,,,,,,55082,13782574,389.992,45539,0.0073,1003287,,,,117876,54728,2.84,,,1549,,,57.41
03/03/2021,375,4,1.05,,,,,,,,,47118,13829692,391.325,45754,0.0072,,,,,,64790,,,,1833,,,57.41
04/03/2021,384,5,1.06,,,,,,,,,52737,13882429,392.817,46856,0.0071,1182943,,,,,70904,3.35,,,2006,,,57.41
05/03/2021,382,5,1.06,,,,,,,,,48078,13930507,394.178,48052,0.007,1264878,,,,81935,75891,3.58,,,2147,,,57.41
06/03/2021,357,4,1.06,,,,,,,,,41701,13972208,395.358,48447,0.0071,,,,,,74020,,,,2094,,,57.41
07/03/2021,351,6,1.06,,,,,,,,,47791,14019999,396.71,48542,0.0072,1332740,,,,,71386,3.77,,,2020,,,53.7
08/03/2021,390,5,1.06,,,,,,,,,56118,14076117,398.298,49804,0.0071,1484935,,,,152195,85646,4.2,,,2423,,,53.7
09/03/2021,386,6,1.06,,,,,,,,,54425,14130542,399.838,49710,0.0074,1585770,,,,100835,83212,4.49,,,2355,,,53.7
10/03/2021,390,6,1.06,,,,,,,,,45261,14175803,401.119,49444,0.0076,1685881,,,,100111,84681,4.77,,,2396,,,53.7
11/03/2021,360,5,1.07,,,,,,,,,51656,14227459,402.58,49290,0.0077,1823819,,,,137938,91554,5.16,,,2591,,,53.7
12/03/2021,351,7,1.07,,,,,,,,,44953,14272412,403.852,48844,0.0077,1938934,,,,115115,96294,5.49,,,2725,,,53.7
13/03/2021,348,4,1.07,,,,,,,,,34731,14307143,404.835,47848,0.0077,2082780,,,,143846,111996,5.89,,,3169,,,53.7
14/03/2021,345,6,1.07,,,,,,,,,45647,14352790,406.127,47542,0.0077,2232110,,,,149330,128481,6.32,,,3635,,,53.7
15/03/2021,354,5,1.08,,,,,,,,,53290,14406080,407.634,47138,0.0078,2394182,,,,162072,129892,6.77,,,3675,,,53.7
16/03/2021,393,7,1.08,,,,,,,,,50403,14456483,409.061,46563,0.0078,2457425,,,,63243,124522,6.95,,,3523,,,53.7
17/03/2021,381,6,1.08,,,,,,,,,47139,14503622,410.395,46831,0.0078,2580949,,,,123524,127867,7.3,,,3618,,,53.7
18/03/2021,391,5,1.09,,,,,,,,,44257,14547879,411.647,45774,0.0079,2695966,,,,115017,124592,7.63,,,3525,,,53.7
19/03/2021,382,6,1.1,,,,,,,,,37402,14585281,412.705,44696,0.0082,2922436,,,,226470,140500,8.27,,,3976,,,53.7
20/03/2021,367,7,1.11,,,,,,,,,34727,14620008,413.688,44695,0.0083,3006419,,,,83983,131948,8.51,,,3734,,,53.7
21/03/2021,404,4,1.11,,,,,,,,,44161,14664169,414.937,44483,0.0084,3194715,,,,188296,137515,9.04,,,3891,,,53.7
22/03/2021,410,5,1.12,,,,,,,,,53823,14717992,416.46,44559,0.0086,3343287,,,,148572,135586,9.46,,,3837,,,53.7
23/03/2021,466,6,1.13,,,,,,,,,45877,14763869,417.758,43912,0.0089,3505695,,,,162408,149753,9.92,,,4237,,,53.7
24/03/2021,482,6,1.14,,,,,,,,,48937,14812806,419.143,44169,0.0091,3655546,,,,149851,153514,10.34,,,4344,,,53.7
25/03/2021,510,7,1.15,,,,,,,,,56431,14869237,420.74,45908,0.009,3810698,,,,155152,159247,10.78,,,4506,,,53.7
26/03/2021,502,6,1.16,,,,,,,,,46328,14915565,422.051,47183,0.0091,3895858,,,,85160,139060,11.02,,,3935,,,53.7
27/03/2021,531,7,1.16,,,,,,,,,44058,14959623,423.298,48516,0.0092,4003477,,,,107619,142437,11.33,,,4030,,,53.7
28/03/2021,541,6,1.17,,,,,,,,,48775,15008398,424.678,49176,0.0096,4132630,,,,129153,133988,11.69,,,3791,,,53.7
29/03/2021,556,7,1.18,,,,,,,,,57626,15066024,426.308,49719,0.0099,4250055,,,,117425,129538,12.03,,,3665,,,53.7
30/03/2021,585,6,1.18,,,,,,,,,60088,15126112,428.009,51749,0.0099,4326576,,,,76521,117269,12.24,,,3318,,,53.7
31/03/2021,590,7,1.19,,,,,,,,,58199,15184311,429.655,53072,0.01,4432572,,,,105996,111004,12.54,,,3141,,,53.7
01/04/2021,728,8,1.19,,,,,,,,,61083,15245394,431.384,53737,0.0101,4584006,,,,151434,110473,12.97,,,3126,,,53.7
02/04/2021,684,6,1.19,,,,,,,,,53777,15299171,432.905,54801,0.0105,4729235,,,,145229,119054,13.38,,,3369,,,53.7
03/04/2021,673,7,1.2,,,,,,,,,51414,15350585,434.36,55852,0.0108,4877442,,,,148207,124852,13.8,,,3533,,,53.7
04/04/2021,695,7,1.2,,,,,,,,,56906,15407491,435.97,57013,0.0109,5000120,,,,122678,123927,14.15,,,3507,,,53.7
05/04/2021,792,7,1.2,,,,,,,,,62432,15469923,437.737,57700,0.0112,5118039,,,,117919,123998,14.48,,,3509,,,53.7
06/04/2021,783,8,1.2,,,,,,,,,63992,15533915,439.548,58258,0.0116,5345625,,,,227586,145578,15.13,,,4119,,,53.7
07/04/2021,902,9,1.19,,,,,,,,,71946,15605861,441.583,60221,0.0117,5578229,,,,232604,163665,15.78,,,4631,,,53.7
08/04/2021,904,9,1.19,,,,,,,,,71044,15676905,443.594,61644,0.0122,5846745,,,,268516,180391,16.54,,,5104,,,53.7
09/04/2021,878,10,1.19,,,,,,,,,61640,15738545,445.338,62768,0.0124,5989026,,,,142281,179970,16.95,,,5092,,,53.7
10/04/2021,799,7,1.18,,,,,,,,,58897,15797442,447.004,63837,0.0126,6132124,,,,143098,179240,17.35,,,5072,,,53.7
11/04/2021,842,11,1.18,,,,,,,,,59793,15857235,448.696,64249,0.0128,6287432,,,,155308,183902,17.79,,,5204,,,53.7
12/04/2021,951,8,1.17,,,,,,,,,61853,15919088,450.447,64166,0.0131,6411162,,,,123730,184732,18.14,,,5227,,,53.7
13/04/2021,929,8,1.17,,,,,,,,,53931,15973019,451.973,62729,0.0138,6527823,,,,116661,168885,18.47,,,4779,,,53.7
14/04/2021,985,10,1.16,,,,,,,,,45843,16018862,453.27,59000,0.015,6584000,,,,56177,143682,18.63,,,4066,,,53.7
15/04/2021,964,10,1.15,,,,,,,,,53744,16072606,454.791,56529,0.0159,6723186,,,,139186,125206,19.02,,,3543,,,53.7
16/04/2021,948,9,1.15,,,,,,,,,51126,16123732,456.237,55027,0.0165,6831440,,,,108254,120345,19.33,,,3405,,,53.7
17/04/2021,916,13,1.14,,,,,,,,,51225,16174957,457.687,53931,0.017,6992242,,,,160802,122874,19.79,,,3477,,,53.7
18/04/2021,970,11,1.13,,,,,,,,,56583,16231540,459.288,53472,0.0175,7190402,,,,198160,128996,20.35,,,3650,,,53.7
19/04/2021,1070,12,1.13,,,,,,,,,62069,16293609,461.044,53503,0.0178,7325016,,,,134614,130551,20.73,,,3694,,,53.7
20/04/2021,1028,12,1.12,,,,,,,,,58507,16352116,462.7,54157,0.0179,7459261,,,,134245,133063,21.11,,,3765,,,53.7
21/04/2021,1055,11,1.11,,,,,,,,,61923,16414039,464.452,56454,0.0174,7653634,,,,194373,152805,21.66,,,4324,,,53.7
22/04/2021,1098,9,1.11,,,,,,,,,63320,16477359,466.243,57822,0.0172,7809612,,,,155978,155204,22.1,,,4392,,,53.7
23/04/2021,1072,9,1.1,,,,,,,,,58733,16536092,467.905,58909,0.0172,7944950,,,,135338,159073,22.48,,,4501,,,53.7
24/04/2021,953,13,1.09,,,,,,,,,50346,16586438,469.33,58783,0.0175,8059757,,,,114807,152502,22.81,,,4315,,,53.7
25/04/2021,958,13,1.09,,,,,,,,,57483,16643921,470.956,58912,0.0176,8263836,,,,204079,153348,23.38,,,4339,,,53.7
26/04/2021,1045,9,1.08,,,,,,,,,64782,16708703,472.79,59299,0.0174,8488862,,,,225026,166264,24.02,,,4705,,,53.7
27/04/2021,1062,13,1.07,,,,,,,,,66185,16774888,474.662,60396,0.0171,8693407,,,,204545,176307,24.6,,,4989,,,53.7
28/04/2021,1026,11,1.07,,,,,,,,,63731,16838619,476.466,60654,0.0171,8880219,,,,186812,175226,25.13,,,4958,,,53.7
29/04/2021,1056,11,1.06,,,,,,,,,65194,16903813,478.31,60922,0.0169,9032921,,,,152702,174758,25.56,,,4945,,,53.7
30/04/2021,1048,11,1.06,,,,,,,,,65454,16969267,480.162,61882,0.0166,9343991,,,,311070,199863,26.44,,,5655,,,53.7
01/05/2021,937,11,1.05,,,,,,,,,62447,17031714,481.929,63611,0.0161,9488912,,,,144921,204165,26.85,,,5777,,,53.7
02/05/2021,953,13,1.05,,,,,,,,,65317,17097031,483.778,64730,0.0157,9655519,,,,166607,198812,27.32,,,5626,,,53.7
03/05/2021,999,14,1.04,,,,,,,,,68997,17166028,485.73,65332,0.0156,9772409,,,,116890,183364,27.65,,,5188,,,53.7
04/05/2021,1016,12,1.04,,,,,,,,,72118,17238146,487.771,66180,0.0153,9838285,,,,65876,163554,27.84,,,4628,,,53.7
05/05/2021,1090,14,1.04,,,,,,,,,76717,17314863,489.941,68035,0.0148,9949971,,,,111686,152822,28.15,,,4324,,,53.7
06/05/2021,1039,13,1.04,,,,,,,,,74940,17389803,492.062,69427,0.0146,10110907,,,,160936,153998,28.61,,,4358,,,53.7
07/05/2021,997,14,1.03,,,,,,,,,69482,17459285,494.028,70003,0.0145,10271299,,,,160392,132473,29.06,,,3748,,,53.7
08/05/2021,942,13,1.03,,,,,,,,,67980,17527265,495.952,70793,0.0142,10441854,,,,170555,136135,29.55,,,3852,,,53.7
09/05/2021,986,13,1.03,,,,,,,,,70822,17598087,497.956,71579,0.014,10629320,,,,187466,139114,30.08,,,3936,,,53.7
10/05/2021,999,13,1.03,,,,,,,,,71792,17669879,499.987,71979,0.014,10758710,,,,129390,140900,30.44,,,3987,,,53.7
11/05/2021,1020,13,1.03,,,,,,,,,71040,17740919,501.997,71825,0.0141,10960820,,,,202110,160362,31.01,,,4538,,,53.7
12/05/2021,1116,11,1.03,,,,,,,,,71457,17812376,504.019,71073,0.0142,11098788,,,,137968,164117,31.41,,,4644,,,53.7
13/05/2021,927,12,1.03,,,,,,,,,56495,17868871,505.618,68438,0.0148,11195164,,,,96376,154894,31.68,,,4383,,,53.7
14/05/2021,837,13,1.03,,,,,,,,,47586,17916457,506.964,65310,0.0153,11312391,,,,117227,148727,32.01,,,4208,,,53.7
15/05/2021,825,15,1.03,,,,,,,,,54049,17970506,508.493,63320,0.0154,11489358,,,,176967,149643,32.51,,,4234,,,53.7
16/05/2021,886,12,1.03,,,,,,,,,61665,18032171,510.238,62012,0.0155,11668767,,,,179409,148492,33.02,,,4202,,,53.7
17/05/2021,1046,14,1.04,,,,,,,,,73933,18106104,512.33,62318,0.0152,11828549,,,,159782,152834,33.47,,,4325,,,53.7
18/05/2021,1213,13,1.05,,,,,,,,,88859,18194963,514.845,64863,0.0147,12020008,,,,191459,151313,34.01,,,4282,,,53.7
19/05/2021,1330,13,1.05,,,,,,,,,93896,18288859,517.502,68069,0.0144,12225726,,,,205718,160991,34.59,,,4555,,,53.7
20/05/2021,1136,10,1.05,,,,,,,,,81678,18370537,519.813,71667,0.0141,12436389,,,,210663,177318,35.19,,,5017,,,53.7
21/05/2021,1142,13,1.05,,,,,,,,,78608,18449145,522.037,76098,0.0137,12616680,,,,180291,186327,35.7,,,5272,,,53.7
22/05/2021,1067,12,1.05,,,,,,,,,77269,18526414,524.223,79415,0.0136,12791781,,,,175101,186060,36.2,,,5265,,,53.7
23/05/2021,1157,15,1.05,,,,,,,,,81094,18607508,526.518,82191,0.0136,12882532,,,,90751,173395,36.45,,,4906,,,53.7
24/05/2021,1389,14,1.05,,,,,,,,,88182,18695690,529.013,84227,0.0137,13013462,,,,130930,169273,36.82,,,4790,,,53.7
25/05/2021,1320,17,1.05,,,,,,,,,93145,18788835,531.649,84839,0.0142,13183309,,,,169847,166186,37.3,,,4702,,,53.7
26/05/2021,1183,14,1.05,,,,,,,,,86629,18875464,534.1,83801,0.0146,13401177,,,,217868,167922,37.92,,,4752,,,53.7
27/05/2021,1215,11,1.05,,,,,,,,,92566,18968030,536.719,85356,0.014,13583574,,,,182397,163884,38.44,,,4637,,,53.7
28/05/2021,1106,14,1.04,,,,,,,,,78087,19046117,538.929,85282,0.0142,13723119,,,,139545,158063,38.83,,,4473,,,53.7
29/05/2021,907,13,1.04,,,,,,,,,76003,19122120,541.08,85101,0.0142,13828247,,,,105128,148067,39.13,,,4190,,,53.7
30/05/2021,1245,15,1.04,,,,,,,,,92458,19214578,543.696,86724,0.0136,14043763,,,,215516,165890,39.74,,,4694,,,53.7
31/05/2021,1251,15,1.04,,,,,,,,,92433,19307011,546.311,87332,0.0137,14208292,,,,164529,170690,40.2,,,4830,,,53.7
01/06/2021,1269,16,1.04,,,,,,,,,93209,19400220,548.949,87341,0.0135,14331774,,,,123482,164066,40.55,,,4642,,,53.7
02/06/2021,1261,15,1.04,,,,,,,,,96230,19496450,551.672,88712,0.0132,14512466,,,,180692,158756,41.06,,,4492,,,53.7
03/06/2021,1201,16,1.03,,,,,,,,,96393,19592843,554.399,89259,0.0132,14629297,,,,116831,149389,41.4,,,4227,,,53.7
04/06/2021,1144,16,1.03,,,,,,,,,83768,19676611,556.769,90071,0.0131,14731457,,,,102160,144048,41.68,,,4076,,,53.7
05/06/2021,984,16,1.03,,,,,,,,,73955,19750566,558.862,89778,0.0132,14843196,,,,111739,144993,42,,,4103,,,53.7
06/06/2021,1161,15,1.03,,,,,,,,,86073,19836639,561.298,88866,0.0134,14977476,,,,134280,133388,42.38,,,3774,,,53.7
07/06/2021,1261,17,1.03,,,,,,,,,92398,19929037,563.912,88861,0.0133,15099896,,,,122420,127372,42.73,,,3604,,,53.7
08/06/2021,1274,15,1.03,,,,,,,,,92124,20021161,566.519,88706,0.0133,15221683,,,,121787,127130,43.07,,,3597,,,53.7
09/06/2021,1286,16,1.03,,,,,,,,,92227,20113388,569.128,88134,0.0134,15361514,,,,139831,121293,43.47,,,3432,,,53.7
10/06/2021,1175,18,1.03,,,,,,,,,90559,20203947,571.691,87301,0.0115,15495105,,,,133591,123687,43.84,,,3500,,,53.7
11/06/2021,1077,16,1.04,,,,,,,,,75059,20279006,573.815,86056,0.0138,15605844,,,,110739,124912,44.16,,,3535,,,53.7
12/06/2021,1017,19,1.04,,,,,,,,,76549,20355555,575.981,86427,0.0136,15706724,,,,100880,123361,44.44,,,3491,,,53.7
13/06/2021,1109,18,1.04,,,,,,,,,83368,20438923,578.34,86041,0.0137,15836419,,,,129695,122706,44.81,,,3472,,,53.7
14/06/2021,1269,16,1.03,,,,,,,,,87880,20526803,580.826,85395,0.0137,15984268,,,,147849,126339,45.23,,,3575,,,53.7
15/06/2021,1239,15,1.03,,,,,,,,,90874,20617677,583.398,85217,0.0138,16109908,,,,125640,126889,45.58,,,3590,,,53.7
16/06/2021,1309,14,1.03,,,,,,,,,94921,20712598,586.084,85601,0.0136,16227887,,,,117979,123768,45.92,,,3502,,,53.7
17/06/2021,1236,15,1.03,,,,,,,,,86695,20799293,588.537,85049,0.0159,16362898,,,,135011,123970,46.3,,,3508,,,53.7
18/06/2021,1153,13,1.03,,,,,,,,,77831,20877124,590.739,85445,0.0138,16457176,,,,94278,121619,46.57,,,3441,,,53.7
19/06/2021,1079,14,1.03,,,,,,,,,84652,20961776,593.134,86603,0.0137,16548174,,,,90998,120207,46.82,,,3401,,,53.7
20/06/2021,1212,14,1.03,,,,,,,,,75117,21036893,595.26,85424,0.014,16649095,,,,100921,116097,47.11,,,3285,,,53.7
21/06/2021,1479,12,1.03,,,,,,,,,97195,21134088,598.01,86755,0.014,16735649,,,,86554,107340,47.36,,,3037,,,53.7
22/06/2021,1253,13,1.03,,,,,,,,,85027,21219115,600.416,85920,0.0145,16847375,,,,111726,105352,47.67,,,2981,,,53.7
23/06/2021,1255,14,1.03,,,,,,,,,91021,21310136,602.992,85363,0.0146,16933104,,,,85729,100745,47.91,,,2851,,,53.7
24/06/2021,1312,13,1.03,,,,,,,,,103820,21413956,605.929,87809,0.0141,17035094,,,,101990,96028,48.2,,,2717,,,53.7
25/06/2021,1301,17,1.03,,,,,,,,,92192,21506148,608.538,89861,0.0139,17108638,,,,73544,93066,48.41,,,2633,,,53.7
26/06/2021,1218,15,1.03,,,,,,,,,95396,21601544,611.237,91395,0.0139,17217116,,,,108478,95563,48.72,,,2704,,,53.7
27/06/2021,1318,14,1.03,,,,,,,,,86824,21688368,613.694,93068,0.0139,17339253,15894166,1445087,,122137,98594,49.06,4.09,,2790,,,53.7
28/06/2021,1567,15,1.02,,,,,,,,,109199,21797567,616.784,94783,0.0138,17487842,15977557,1510285,,148589,107456,49.48,4.27,,3041,83391,0.236,53.7
29/06/2021,1486,15,1.02,,,,,,,,,104573,21902140,619.743,97575,0.0135,17671943,16110437,1561506,,184101,117795,50,4.42,,3333,108136,0.306,53.7
30/06/2021,1534,13,1.02,,,,,,,,,106572,22008712,622.759,99797,0.0135,17880870,16293289,1587581,,208927,135395,50.6,4.49,,3831,133041,0.376,53.7
01/07/2021,1338,16,1.01,,,,,,,,,105174,22113886,625.735,99990,0.0139,18019069,16419217,1599852,,138199,140568,50.99,4.53,,3978,131263,0.371,53.7
02/07/2021,1148,15,1,,,,,,,,,87572,22201458,628.213,99330,0.014,18198743,16516737,1682006,,179674,155729,51.5,4.76,,4407,124514,0.352,53.7
03/07/2021,1173,13,1,,,,,,,,,85539,22286997,630.633,97922,0.014,18320428,16604577,1715851,,121685,157616,51.84,4.86,,4460,118402,0.335,53.7
04/07/2021,1247,15,1,,,,,,,,,94010,22381007,633.293,98948,0.0138,18460462,16705096,1755366,,140034,160173,52.24,4.97,,4532,115847,0.328,53.7
05/07/2021,1277,16,0.99,,,,,,,,,102892,22483899,636.204,98047,0.0138,18699493,16872207,1827286,,239031,173093,52.91,5.17,,4898,127807,0.362,53.7
06/07/2021,1207,14,0.99,,,,,,,,,111718,22595617,639.366,99068,0.0133,18892398,16987146,1905252,,192905,174351,53.46,5.39,,4933,125244,0.354,53.7
07/07/2021,1257,12,0.98,,,,,,,,,113796,22709413,642.586,100100,0.0127,19064998,17088207,1976791,,172600,169161,53.95,5.59,,4787,113560,0.321,53.7
08/07/2021,1133,14,0.98,,,,,,,,,96257,22805670,645.309,98826,0.0125,19262679,17198807,2063872,,197681,177659,54.51,5.84,,5027,111370,0.315,53.7
09/07/2021,1177,16,0.97,,,,,,,,,90787,22896457,647.878,99286,0.0121,19396996,17271835,2125161,,134317,171179,54.89,6.01,,4844,107871,0.305,53.7
10/07/2021,1112,13,0.97,,,,,,,,,96616,22993073,650.612,100868,0.012,19586965,17384949,2202016,,189969,180934,55.42,6.23,,5120,111482,0.315,53.7
11/07/2021,1244,16,0.98,,,,,,,,,106989,23100062,653.639,102722,0.0117,19825792,17518976,2306816,,238827,195047,56.1,6.53,,5519,116269,0.329,53.7
12/07/2021,1295,14,0.98,,,,,,,,,110429,23210491,656.764,103799,0.0116,20227729,17753002,2474727,,401937,218319,57.24,7,,6178,125828,0.356,53.7
13/07/2021,1226,14,0.97,,,,,,,,,104307,23314798,659.716,102740,0.0117,20597120,17946562,2650558,,369391,243532,58.28,7.5,,6891,137059,0.388,53.7
14/07/2021,1165,15,0.97,,,,,,,,,105607,23420405,662.704,101570,0.0119,21094827,18186896,2907931,,497707,289976,59.69,8.23,,8205,156956,0.444,53.7
15/07/2021,1298,13,0.97,,,,,,,,,117221,23537626,666.021,104565,0.0114,21556314,18397020,3159294,,461487,327662,61,8.94,,9272,171173,0.484,53.7
16/07/2021,1098,15,0.96,,,,,,,,,107317,23644943,669.057,106927,0.0114,21930093,18435261,3494832,,373779,361871,62.05,9.89,,10240,166204,0.47,53.7
17/07/2021,1055,12,0.96,,,,,,,,,93470,23738413,671.702,106477,0.0113,22263079,18438591,3824488,,332986,382302,63,10.82,,10818,150520,0.426,53.7
18/07/2021,1293,14,0.97,,,,,,,,,93540,23831953,674.349,104556,0.0115,22646489,18441597,4204892,,383410,402957,64.08,11.9,,11402,131803,0.373,53.7
19/07/2021,1273,14,0.96,,,,,,,,,105033,23936986,677.321,103785,0.0116,22870428,18441821,4428607,,223939,377528,64.71,12.53,,10683,98403,0.278,53.7
20/07/2021,1142,12,0.96,,,,,,,,,86790,24023776,679.777,101283,0.0119,23079604,18442030,4637574,,209176,354641,65.31,13.12,,10035,70781,0.2,53.7
21/07/2021,1162,15,0.96,,,,,,,,,81506,24105282,682.083,97840,0.0122,23384311,18442334,4941977,,304707,327069,66.17,13.98,,9255,36491,0.103,53.7
22/07/2021,1247,11,0.95,,,,,,,,,90128,24195410,684.633,93969,0.0127,23725741,18442676,5283065,,341430,309918,67.13,14.95,,8769,6522,0.018,53.7
23/07/2021,1256,14,0.95,,,,,,,,,89482,24284892,687.165,91421,0.0129,24008547,18442959,5565588,,282806,296922,67.93,15.75,,8402,1100,0.003,53.7
24/07/2021,1194,12,0.95,,,,,,,,,90028,24374920,689.713,90930,0.0132,24314234,18443264,5870970,,305687,293022,68.8,16.61,,8291,668,0.002,53.7
25/07/2021,1252,12,0.95,,,,,,,,,90510,24465430,692.274,90497,0.0135,24688885,18443639,6245246,,374651,291771,69.86,17.67,,8256,292,0.001,53.7
26/07/2021,1379,10,0.94,,,,,,,,,109194,24574624,695.364,91091,0.0134,25061477,18444012,6617465,,372592,313007,70.91,18.72,,8857,313,0.001,53.7
27/07/2021,1334,11,0.94,,,,,,,,,108462,24683086,698.433,94187,0.0131,25464480,18444415,7020065,,403003,340697,72.05,19.86,,9640,341,0.001,50
28/07/2021,1289,12,0.93,,,,,,,,,117620,24800706,701.761,99346,0.0127,25872997,18451457,7421540,,408517,355527,73.21,21,,10060,1303,0.004,50
29/07/2021,1187,14,0.91,,,,,,,,,115269,24915975,705.023,102938,0.0106,26275904,18575016,7700888,,402907,364309,74.35,21.79,,10308,18906,0.053,50
30/07/2021,1146,11,0.91,,,,,,,,,113300,25029275,708.228,106340,0.0086,26567950,18679153,7888797,,292046,365629,75.18,22.32,,10346,33742,0.095,50
31/07/2021,1084,12,0.92,,,,,,,,,98642,25127917,711.02,107571,0.0117,26867756,18786436,8081320,,299806,364789,76.03,22.87,,10322,49025,0.139,50
01/08/2021,1063,10,0.9,,,,,,,,,98862,25226779,713.817,108764,0.0114,27322817,18979146,8343671,,455061,376276,77.31,23.61,,10647,76501,0.216,50
02/08/2021,1075,11,0.88,,,,,,,,,110254,25337033,716.937,108916,0.0097,27810488,19199165,8611323,,487671,392716,78.69,24.37,,11112,107879,0.305,50
03/08/2021,1043,14,0.87,,,,,,,,,106517,25443550,719.951,108638,0.0079,28259181,19370762,8888419,,448693,399243,79.96,25.15,,11297,132335,0.374,50
04/08/2021,986,13,0.87,,,,,,,,,105537,25549087,722.937,106912,0.0063,28583042,19516714,9066328,,323861,387149,80.88,25.65,,10955,152180,0.431,50
05/08/2021,954,14,0.87,,,,,,,,,110996,25660083,726.078,106301,0.0063,29094173,19630752,9479775,,511131,402610,82.32,26.82,,11392,150819,0.427,50
06/08/2021,850,9,0.88,,,,,,,,,87656,25747739,728.558,102638,0.0137,29322286,19719028,9603258,,228113,393477,82.97,27.17,,11134,148554,0.42,50
07/08/2021,731,14,0.83,,,,,,,,,79200,25826939,730.799,99860,0.0089,29601733,19852575,9749158,,279447,390568,83.76,27.59,,11052,152306,0.431,50
08/08/2021,796,11,0.78,,,,,,,,,87868,25914807,733.285,98290,0.0074,29951707,20028555,9923152,,349974,375556,84.75,28.08,,10627,149916,0.424,50
09/08/2021,864,12,0.74,,,,,,,,,93481,26008288,735.931,95894,0.0076,30221244,20164624,10056620,,269537,344394,85.51,28.46,,9745,137923,0.39,50
10/08/2021,751,9,0.71,,,,,,,,,87424,26095712,738.404,93166,0.0079,30544436,20315744,10228692,,323192,326465,86.43,28.94,,9238,134997,0.382,50
11/08/2021,766,12,0.69,,,,,,,,,85106,26180818,740.813,90247,0.0081,30901898,20460951,10440947,,357462,331265,87.44,29.54,,9373,134891,0.382,50
12/08/2021,681,10,0.67,,,,,,,,,88107,26268925,743.306,86977,0.0084,31278114,20597674,10680440,,376216,311992,88.5,30.22,,8828,138132,0.391,50
13/08/2021,609,11,0.66,,,,,,,,,69636,26338561,745.276,84403,0.0092,31452285,20649897,10802388,,174171,304286,89,30.57,,8610,132981,0.376,50
14/08/2021,542,13,0.65,,,,,,,,,69324,26407885,747.238,82992,0.0094,31654206,20709236,10944970,,201921,293210,89.57,30.97,,8297,122380,0.346,50
15/08/2021,604,7,0.64,,,,,,,,,78416,26486301,749.456,81642,0.0095,31965789,20809009,11156780,,311583,287726,90.45,31.57,,8141,111493,0.315,50
16/08/2021,569,12,0.64,,,,,,,,,79383,26565684,751.703,79628,0.0129,32281173,20906174,11374999,,315384,294276,91.34,32.19,,8327,105936,0.3,50
17/08/2021,546,8,0.62,,,,,,,,,72968,26638652,753.767,77563,0.0133,32612078,21011882,11600196,,330905,295377,92.28,32.82,,8358,99448,0.281,50
18/08/2021,499,10,0.61,,,,,,,,,69991,26708643,755.748,75404,0.0136,32940547,21109035,11831512,,328469,291236,93.21,33.48,,8241,92583,0.262,50
19/08/2021,458,9,0.6,,,,,,,,,68672,26777315,757.691,72627,0.0163,33271819,21196563,12075256,,331272,284815,94.15,34.17,,8059,85556,0.242,50
20/08/2021,409,11,0.58,,,,,,,,,60938,26838253,759.415,71385,0.0057,33487478,21256778,12230700,,215659,290742,94.76,34.61,,8227,86697,0.245,50
21/08/2021,384,12,0.58,,,,,,,,,58799,26897052,761.079,69881,0.0078,33735074,21329504,12405570,,247596,297267,95.46,35.1,,8411,88610,0.251,50
22/08/2021,360,9,0.57,,,,,,,,,63280,26960332,762.87,67719,0.0081,34103119,21437649,12665470,,368045,305333,96.5,35.84,,8640,89806,0.254,50
23/08/2021,353,7,0.56,,,,,,,,,68962,27029294,764.821,66230,0.0062,34470366,21538701,12931665,,367247,312742,97.54,36.59,,8849,90361,0.256,50
24/08/2021,321,8,0.54,,,,,,,,,67929,27097223,766.743,65510,0.0062,34832319,21627214,13205105,,361953,317177,98.56,37.37,,8975,87905,0.249,55.56
25/08/2021,290,7,0.53,,,,,,,,,65815,27163038,768.605,64914,0.0063,35166050,21713687,13452363,,333731,317929,99.51,38.06,,8996,86379,0.244,55.56
26/08/2021,244,8,0.52,,,,,,,,,63288,27226326,770.396,64144,0.0039,35523978,21797475,13726503,,357928,321737,100.52,38.84,,9104,85845,0.243,55.56
27/08/2021,234,6,0.51,,,,,,,,,52889,27279215,771.893,62995,0.007,35746665,21841853,13904812,,222687,322741,101.15,39.35,,9132,83582,0.237,55.56
28/08/2021,208,6,0.48,,,,,,,,,50374,27329589,773.318,61791,0.0049,36027089,21899035,14128054,,280424,327431,101.94,39.98,,9265,81362,0.23,55.56
29/08/2021,221,7,0.46,,,,,,,,,54231,27383820,774.853,60498,0.005,36519290,22061992,14457298,,492201,345167,103.33,40.91,,9767,89192,0.252,55.56
30/08/2021,224,6,0.44,,,,,,,,,61961,27445781,776.606,59498,0.0032,36837337,22145052,14692285,,318047,338139,104.23,41.57,,9568,86622,0.245,55.56
31/08/2021,185,7,0.42,,,,,,,,,59531,27505312,778.29,58298,0.0032,37133188,22218040,14915148,,295851,328696,105.07,42.2,,9301,84404,0.239,55.56
01/09/2021,177,8,0.41,,,,,,,,,55742,27561054,779.868,56859,0.0033,37352153,22275542,15076611,,218965,312300,105.69,42.66,,8837,80265,0.227,55.56
02/09/2021,174,5,0.4,,,,,,,,,59355,27620409,781.547,56298,0.0034,37593149,22330852,15262297,,240996,295596,106.37,43.19,,8364,76197,0.216,55.56
03/09/2021,138,7,0.39,,,,,,,,,48141,27668550,782.909,55619,0,37701606,22354373,15347233,,108457,279277,106.68,43.43,,7902,73217,0.207,55.56
04/09/2021,120,7,0.4,,,,,,,,,47732,27716282,784.26,55242,0,37835216,22383288,15451928,,133610,258304,107.06,43.72,,7309,69179,0.196,55.56
05/09/2021,124,6,0.41,,,,,,,,,47217,27763499,785.596,54240,0.0051,38069150,22440020,15629130,,233934,221409,107.72,44.22,,6265,54004,0.153,55.56
06/09/2021,138,6,0.41,,,,,,,,,52467,27815966,787.081,52884,0.0052,38265272,22490656,15774616,,196122,203991,108.28,44.64,,5772,49372,0.14,55.56
07/09/2021,119,7,0.43,,,,,,,,,49348,27865314,788.477,51429,0.0061,38492516,22543982,15948534,,227244,194190,108.92,45.13,,5495,46563,0.132,55.56
08/09/2021,103,6,0.44,,,,,,,,,49965,27915279,789.891,50604,0.0062,38738841,22604145,16134696,,246325,198098,109.62,45.65,,5605,46943,0.133,55.56
09/09/2021,102,6,0.45,,,,,,,,,55462,27970741,791.46,50047,0.0069,39009895,22662007,16347888,,271054,202392,110.38,46.26,,5727,47308,0.134,55.56
10/09/2021,83,7,0.46,,,,,,,,,43519,28014260,792.692,49387,0.0073,39163349,22691142,16472207,,153454,208820,110.82,46.61,,5909,48110,0.136,55.56
11/09/2021,80,6,0.48,,,,,,,,,44227,28058487,793.943,48886,0.0073,39351793,22726957,16624836,,188444,216654,111.35,47.04,,6130,49096,0.139,55.56
12/09/2021,75,5,0.49,,,,,,,,,38410,28096897,795.03,47628,0.0018,39606175,22784983,16821192,,254382,219575,112.07,47.6,,6213,49280,0.139,55.56
13/09/2021,96,5,0.52,,,,,,,,,51681,28148578,796.492,47516,0.0018,39839942,22840150,16999792,,233767,224953,112.73,48.1,,6365,49928,0.141,55.56
14/09/2021,88,7,0.54,,,,,,,,,50198,28198776,797.913,47637,0.001,40034922,22886715,17148207,,194980,220344,113.28,48.52,,6235,48962,0.139,55.56
15/09/2021,85,5,0.58,,,,,,,,,49548,28248324,799.315,47578,0.001,40224990,22932990,17292000,,190068,212307,113.82,48.93,,6007,46978,0.133,55.56
16/09/2021,75,6,0.62,,,,,,,,,53730,28302054,800.835,47330,0.0018,40480932,23002312,17478620,,255942,210148,114.54,49.46,,5946,48615,0.138,55.56
17/09/2021,68,5,0.62,,,,,,,,,42429,28344483,802.036,47175,0.0018,40573886,23022910,17550976,,92954,201505,114.81,49.66,,5702,47395,0.134,55.56
18/09/2021,70,5,0.62,,,,,,,,,44013,28388496,803.281,47144,0.0018,40698074,23048287,17649787,,124188,192326,115.16,49.94,,5442,45904,0.13,51.85
19/09/2021,63,6,0.63,,,,,,,,,45291,28433787,804.563,48127,0.0017,40888055,23092903,17795152,,189981,183126,115.7,50.35,,5182,43989,0.124,51.85
20/09/2021,69,5,0.64,,,,,,,,,55495,28489282,806.133,48672,0.0023,41035355,23126976,17908379,,147300,170773,116.11,50.67,,4832,40975,0.116,51.85
21/09/2021,54,7,0.65,,,,,,,,,55051,28544333,807.691,49365,0.0025,41176166,23161466,18014700,,140811,163035,116.51,50.97,,4613,39250,0.111,51.85
22/09/2021,57,5,0.65,,,,,,,,,51621,28595954,809.151,49661,0.0026,41290665,23187853,18102812,,114499,152239,116.84,51.22,,4308,36409,0.103,51.85
23/09/2021,51,4,0.66,,,,,,,,,43650,28639604,810.386,48221,0.0012,41360564,23201817,18158747,,69899,125662,117.03,51.38,,3556,28501,0.081,51.85
24/09/2021,39,6,0.67,,,,,,,,,32549,28672153,811.307,46810,0.001,41404952,23211366,18193586,,44388,118724,117.16,51.48,,3359,26922,0.076,51.85
25/09/2021,44,5,0.7,,,,,,,,,37910,28710063,812.38,45938,0.0015,41490683,23228976,18261707,,85731,113230,117.4,51.67,,3204,25813,0.073,51.85
26/09/2021,59,5,0.71,,,,,,,,,44262,28754325,813.632,45791,0.0016,41641404,23267880,18373524,,150721,107621,117.83,51.99,,3045,24997,0.071,51.85
27/09/2021,50,5,0.72,,,,,,,,,48516,28802841,815.005,44794,0.0012,41770485,23300944,18469541,,129081,105019,118.19,52.26,,2972,24853,0.07,51.85
28/09/2021,55,4,0.73,,,,,,,,,49026,28851867,816.393,43933,0.0012,41886181,23330923,18555258,,115696,101431,118.52,52.5,,2870,24208,0.068,55.56
29/09/2021,44,3,0.74,,,,,,,,,50644,28902511,817.826,43794,0.001,41990202,23357711,18632491,,104021,99934,118.82,52.72,,2828,24265,0.069,55.56
30/09/2021,45,3,0.76,,,,,,,,,54119,28956630,819.357,45289,0.0013,42109715,23387302,18722413,,119513,107022,119.15,52.98,,3028,26498,0.075,55.56
01/10/2021,42,3,0.78,,,,,,,,,47266,29003896,820.694,47392,0.0012,42163997,23399260,18764737,,54282,108435,119.31,53.1,,3068,26842,0.076,55.56
02/10/2021,41,2,0.8,,,,,,,,,46499,29050395,822.01,48619,0.0007,42265381,23420022,18845359,,101384,110671,119.59,53.32,,3132,27292,0.077,55.56
03/10/2021,53,3,0.84,,,,,,,,,47386,29097781,823.351,49065,0.0006,42435821,23460621,18975200,,170440,113488,120.08,53.69,,3211,27534,0.078,55.56
04/10/2021,42,3,0.88,,,,,,,,,53345,29151126,824.86,49755,0.0004,42597949,23496873,19101076,,162128,118209,120.54,54.05,,3345,27990,0.079,55.56
05/10/2021,45,2,0.92,,,,,,,,,49132,29200258,826.251,49770,0.0009,42747213,23527144,19220069,,149264,123005,120.96,54.39,,3481,28032,0.079,55.56
06/10/2021,47,4,0.92,,,,,,,,,51683,29251941,827.713,49919,0.0011,42913322,23560753,19352569,,166109,131874,121.43,54.76,,3732,29006,0.082,55.56
07/10/2021,48,3,0.92,,,,,,,,,51178,29303119,829.161,49498,0.0009,43098861,23595375,19503486,,185539,141307,121.95,55.19,,3998,29725,0.084,55.56
08/10/2021,35,4,0.92,,,,,,,,,38343,29341462,830.246,48224,0.0011,43191898,23611050,19580848,,93037,146843,122.22,55.41,,4155,30256,0.086,55.56
09/10/2021,59,2,0.92,,,,,,,,,41093,29382555,831.409,47451,0.0012,43335663,23631492,19704171,,143765,152897,122.62,55.75,,4326,30210,0.085,55.56
10/10/2021,58,3,0.92,,,,,,,,,48355,29430910,832.777,47590,0.0014,43615548,23684473,19931075,,279885,168532,123.41,56.4,,4769,31979,0.09,55.56
11/10/2021,55,3,0.92,,,,,,,,,53795,29484705,834.299,47654,0.0015,43852647,23731270,20121377,,237099,179243,124.09,56.94,,5072,33485,0.095,55.56
12/10/2021,57,2,0.92,,,,,,,,,53930,29538635,835.825,48340,0.001,44052112,23774000,20278112,,199465,186414,124.65,57.38,,5275,35265,0.1,55.56
13/10/2021,36,2,0.92,,,,,,,,,52320,29590955,837.306,48431,0.0011,44219652,23810472,20409180,,167540,186619,125.12,57.75,,5281,35674,0.101,55.56
14/10/2021,48,3,0.92,,,,,,,,,67356,29658311,839.212,50742,0.001,44374451,23844426,20530025,,154799,182227,125.56,58.09,,5156,35579,0.101,55.56
15/10/2021,45,2,0.92,,,,,,,,,43451,29701762,840.441,51471,0.001,44441515,23859776,20581739,,67064,178517,125.75,58.24,,5051,35532,0.101,55.56
16/10/2021,41,3,0.93,,,,,,,,,45160,29746922,841.719,52052,0.001,44521775,23878391,20643384,,80260,169445,125.98,58.41,,4795,35271,0.1,55.56
17/10/2021,38,2,0.93,,,,,,,,,49202,29796124,843.111,52173,0.0009,44652849,23912323,20740526,,131074,148186,126.35,58.69,,4193,32550,0.092,55.56
18/10/2021,49,2,0.93,,,,,,,,,45275,29841399,844.392,50956,0.0009,44698978,23924621,20774357,,46129,120904,126.48,58.78,,3421,27622,0.078,61.11
19/10/2021,47,3,0.94,,,,,,,,,44317,29885716,845.646,49583,0.0009,44862697,23967472,20895225,,163719,115798,126.94,59.13,,3277,27639,0.078,61.11
20/10/2021,46,3,0.95,,,,,,,,,49069,29934785,847.035,49119,0.0009,44950769,23991079,20959690,,88072,104445,127.19,59.31,,2955,25801,0.073,61.11
21/10/2021,51,1,0.95,,,,,,,,,46630,29981415,848.354,46158,0.001,45041861,24014216,21027645,,91092,95344,127.45,59.5,,2698,24256,0.069,61.11
22/10/2021,43,2,0.96,,,,,,,,,36859,30018274,849.397,45216,0.001,45091787,24028992,21062795,,49926,92896,127.59,59.6,,2629,24174,0.068,61.11
23/10/2021,47,2,0.96,,,,,,,,,37554,30055828,850.46,44129,0.001,45172188,24057315,21114873,,80401,92916,127.82,59.75,,2629,25561,0.072,61.11
24/10/2021,51,2,0.97,,,,,,,,,40078,30095906,851.594,42826,0.0011,45266839,24084544,21182295,,94651,87713,128.09,59.94,,2482,24603,0.07,61.11
25/10/2021,65,2,0.97,,,,,,,,,44822,30140728,852.862,42761,0.0011,45352626,24108157,21244469,,85787,93378,128.33,60.11,,2642,26219,0.074,61.11
26/10/2021,55,3,0.97,,,,,,,,,47620,30188348,854.21,43233,0.0012,45428214,24129578,21298636,,75588,80788,128.54,60.27,,2286,23158,0.066,61.11
27/10/2021,51,3,0.97,,,,,,,,,45594,30233942,855.5,42737,0.0012,45497613,24147841,21349772,,69399,78121,128.74,60.41,,2211,22395,0.063,61.11
28/10/2021,56,2,0.97,,,,,,,,,45650,30279592,856.791,42597,0.0012,45566425,24165859,21400566,,68812,74938,128.93,60.56,,2120,21663,0.061,61.11
29/10/2021,41,3,0.97,,,,,,,,,34149,30313741,857.758,42210,0.0012,45596373,24173536,21422837,,29948,72084,129.02,60.62,,2040,20649,0.058,61.11
30/10/2021,46,1,0.96,,,,,,,,,35972,30349713,858.776,41984,0.0012,45641533,24185908,21455625,,45160,67049,129.15,60.71,,1897,18370,0.052,61.11
31/10/2021,49,2,0.96,,,,,,,,,39750,30389463,859.9,41937,0.0012,45720862,24208729,21512133,,79329,64860,129.37,60.87,,1835,17741,0.05,61.11
01/11/2021,45,2,0.96,,,,,,,,,43668,30433131,861.136,41772,0.0012,45784362,24226322,21558040,,63500,61677,129.55,61,,1745,16881,0.048,61.11
02/11/2021,49,1,0.95,,,,,,,,,38944,30472075,862.238,40532,0.0012,46120529,24248200,21612557,259772,336167,98902,130.5,61.15,0.74,2799,16946,0.048,61.11
03/11/2021,45,1,0.95,,,,,,,,,51302,30523377,863.69,41348,0.0012,46174722,24261265,21648540,264934,54193,96730,130.66,61.26,0.75,2737,16203,0.046,61.11
04/11/2021,43,2,0.95,,,,,,,,,17615,30540992,864.188,37343,0.0013,46225391,24273577,21681961,269853,50669,94138,130.8,61.35,0.76,2664,15388,0.044,61.11
05/11/2021,42,1,0.95,,,,,,,,,17615,30558607,864.686,34981,0.0013,46270412,24284570,21710595,275256,45021,96291,130.93,61.43,0.78,2725,15862,0.045,61.11
06/11/2021,40,1,0.95,,,,,,,,,11435,30570042,865.01,31476,0.0014,46288357,24288343,21721987,278027,17945,92403,130.98,61.46,0.79,2615,14634,0.041,61.11
07/11/2021,43,1,0.95,,,,,,,,,10557,30580599,865.309,27305,0.0016,,,,,,90606,,,,2564,13715,0.039,61.11
08/11/2021,49,1,0.95,,,,,,,,,77080,30657679,867.49,32078,0.0014,,,,,,91070,,,,2577,13544,0.038,61.11
09/11/2021,38,1,0.95,,,,,,,,,58801,30716480,869.154,34915,0.0013,46488601,24337520,21857119,293992,,52582,131.54,61.85,0.83,1488,12760,0.036,61.11
10/11/2021,43,2,0.95,,,,,,,,,42741,30759221,870.363,33692,0.0013,46545444,24353452,21894014,298000,56843,52960,131.71,61.95,0.84,1499,13170,0.037,61.11
11/11/2021,45,1,0.95,,,,,,,,,40461,30799682,871.508,36956,0.0012,46612033,24372785,21936792,302456,66589,55235,131.89,62.07,0.86,1563,14173,0.04,61.11
12/11/2021,44,1,0.95,,,,,,,,,27402,30827084,872.283,38354,0.0011,46637027,24379243,21953463,304321,24994,52374,131.96,62.12,0.86,1482,13525,0.038,61.11
13/11/2021,30,2,0.95,,,,,,,,,36678,30863762,873.321,41960,0.001,46672541,24388956,21976248,307344,35514,54883,132.06,62.18,0.87,1553,14373,0.041,61.11
14/11/2021,38,3,0.95,,,,,,,,,35022,30898784,874.312,45455,0.0009,46743789,24410797,22022105,310887,71248,55526,132.27,62.31,0.88,1571,15152,0.043,61.11
15/11/2021,37,2,0.95,,,,,,,,,32753,30931537,875.239,39123,0.001,46806146,24430380,22061577,314200,62357,54899,132.44,62.43,0.89,1553,15607,0.044,61.11
16/11/2021,42,2,0.95,,,,,,,,,33208,30964745,876.179,35466,0.0011,46829090,24438282,22075529,315279,22944,48641,132.51,62.46,0.89,1376,14395,0.041,61.11
17/11/2021,38,1,0.96,,,,,,,,,33584,30998329,877.129,34158,0.0012,46910179,24463682,22126411,320106,81089,52105,132.74,62.61,0.91,1474,15747,0.045,61.11
18/11/2021,35,1,0.96,,,,,,,,,32490,31030819,878.048,33020,0.0012,46959458,24477958,22158110,323390,49279,49632,132.88,62.7,0.92,1404,15025,0.043,61.11
19/11/2021,31,1,0.97,,,,,,,,,24275,31055094,878.735,32573,0.0012,46979616,24483026,22171309,325281,20158,48941,132.93,62.74,0.92,1385,14826,0.042,61.11
20/11/2021,36,1,0.97,,,,,,,,,27084,31082178,879.501,31202,0.0011,47013241,24492088,22192521,328632,33625,48671,133.03,62.8,0.93,1377,14733,0.042,61.11
21/11/2021,39,2,0.98,,,,,,,,,32854,31115032,880.431,30893,0.0012,47061187,24506864,22223093,331250,47946,45343,133.16,62.88,0.94,1283,13724,0.039,61.11
22/11/2021,38,1,0.98,,,,,,,,,41530,31156562,881.606,32146,0.0011,47111648,24522627,22255376,333671,50461,43643,133.31,62.97,0.94,1235,13178,0.037,61.11
23/11/2021,34,1,0.99,,,,,,,,,47564,31204126,882.952,34197,0.0011,47155332,24536094,22282865,336373,43684,46606,133.43,63.05,0.95,1319,13973,0.04,51.85
24/11/2021,28,1,0.99,,,,,,,,,54868,31258994,884.505,37238,0.001,47200127,24549813,22311359,338991,44795,41421,133.56,63.13,0.96,1172,12304,0.035,51.85
25/11/2021,24,1,1,,,,,,,,,60311,31319305,886.211,41212,0.0008,47244948,24562266,22340456,342228,44821,40784,133.68,63.21,0.97,1154,12044,0.034,51.85
26/11/2021,29,2,1.01,,,,,,,,,43262,31362567,887.435,43925,0.0007,47265454,24568254,22353415,343842,20506,40834,133.74,63.25,0.97,1155,12175,0.034,51.85
27/11/2021,24,1,1.03,,,,,,,,,43595,31406162,888.669,46283,0.0007,47293262,24576709,22370726,345852,27808,40003,133.82,63.3,0.98,1132,12089,0.034,51.85
28/11/2021,25,1,1.04,,,,,,,,,43708,31449870,889.906,47834,0.0006,47309172,24581780,22380259,347133,15910,35426,133.87,63.33,0.98,1002,10702,0.03,51.85
29/11/2021,32,2,1.06,,,,,,,,,44284,31494154,891.159,48227,0.0006,47391642,24605333,22432544,353765,82470,39999,134.1,63.48,1,1132,11815,0.033,51.85
30/11/2021,34,1,1.08,,,,,,,,,42081,31536235,892.349,47444,0.0006,47444801,24619259,22467509,358049,53159,41353,134.25,63.57,1.01,1170,11881,0.034,51.85
01/12/2021,24,2,1.11,,,,,,,,,33947,31570182,893.31,44455,0.0006,47449878,24620971,22470514,358393,5077,35679,134.26,63.58,1.01,1010,10165,0.029,51.85
02/12/2021,38,1,1.14,,,,,,,,,40358,31610540,894.452,41605,0.0007,,,,,,35460,,,,1003,9975,0.028,51.85
03/12/2021,29,2,1.16,,,,,,,,,43915,31654455,895.695,41698,0.0007,47536454,24643207,22526908,366339,,38714,134.51,63.74,1.04,1095,10708,0.03,51.85
04/12/2021,35,2,1.19,,,,,,,,,43915,31698370,896.937,41744,0.0007,47627391,24665104,22581545,380742,90937,47733,134.77,63.9,1.08,1351,12628,0.036,51.85
05/12/2021,43,1,1.22,,,,,,,,,42931,31741301,898.152,41633,0.0007,47701071,24684104,22620922,396046,73680,55986,134.97,64.01,1.12,1584,14618,0.041,51.85
06/12/2021,42,2,1.25,,,,,,,,,46108,31787409,899.457,41894,0.0008,47766580,24701843,22654356,410381,65509,53563,135.16,64.1,1.16,1516,13787,0.039,51.85
07/12/2021,46,2,1.28,,,,,,,,,38407,31825816,900.543,41369,0.0008,47831664,24718878,22684981,427836,65084,55266,135.34,64.19,1.21,1564,14231,0.04,51.85
08/12/2021,45,1,1.31,,,,,,,,,41278,31867094,901.711,42416,0.0009,47897131,24736637,22715883,444617,65467,63893,135.53,64.28,1.26,1808,16524,0.047,51.85
09/12/2021,48,1,1.35,,,,,,,,,41369,31908463,902.882,42560,0.0009,47957035,24751433,22743817,461791,59904,66267,135.7,64.36,1.31,1875,17049,0.048,51.85
10/12/2021,53,1,1.38,,,,,,,,,33895,31942358,903.841,41129,0.001,47983970,24757408,22755094,471468,26935,63931,135.78,64.39,1.33,1809,16314,0.046,51.85
11/12/2021,51,1,1.41,,,,,,,,,37833,31980191,904.912,40260,0.0011,48023170,24766927,22771497,484746,39200,56540,135.89,64.43,1.37,1600,14546,0.041,51.85
12/12/2021,64,2,1.45,,,,,,,,,36705,32016896,905.95,39371,0.0012,48088092,24786057,22801826,500209,64922,55289,136.07,64.52,1.42,1564,14565,0.041,51.85
13/12/2021,65,1,1.48,,,,,,,,,50068,32066964,907.367,39936,0.0012,48104477,24791173,22809730,503574,16385,48271,136.12,64.54,1.42,1366,12761,0.036,51.85
14/12/2021,88,1,1.51,,,,,,,,,56516,32123480,908.966,42523,0.0012,48186500,24815793,22848054,522683,82023,50691,136.35,64.65,1.48,1434,13845,0.039,51.85
15/12/2021,85,1,1.55,,,,,,,,,60051,32183531,910.665,45205,0.0013,48231779,24829534,22867825,534462,45279,47807,136.48,64.71,1.51,1353,13271,0.038,51.85
16/12/2021,80,2,1.59,,,,,,,,,66497,32250028,912.547,48795,0.0013,48275299,24841260,22887340,546718,43520,45466,136.6,64.76,1.55,1287,12832,0.036,51.85
17/12/2021,116,1,1.62,,,,,,,,,52239,32302267,914.025,51416,0.0014,48293632,24845946,22895205,552481,18333,44237,136.65,64.78,1.56,1252,12648,0.036,51.85
18/12/2021,104,1,1.66,,,,,,,,,60120,32362387,915.726,54599,0.0014,48322955,24854157,22908284,560514,29323,42826,136.73,64.82,1.59,1212,12461,0.035,51.85
19/12/2021,146,2,1.7,,,,,,,,,51340,32413727,917.179,56690,0.0015,48381592,24872178,22935782,573632,58637,41929,136.9,64.9,1.62,1186,12303,0.035,51.85
20/12/2021,222,1,1.73,,,,,,,,,57354,32471081,918.802,57731,0.0017,48475448,24887008,22958830,629610,93856,52996,137.17,64.96,1.78,1500,13691,0.039,51.85
21/12/2021,252,2,1.76,,,,,,,,,65669,32536750,920.66,59039,0.002,48645367,24897852,22978924,768591,169919,65552,137.65,65.02,2.17,1855,11723,0.033,51.85
22/12/2021,287,1,1.79,,,,,,,,,63737,32600487,922.463,59565,0.0024,48865162,24911957,23002106,951099,219795,90483,138.27,65.09,2.69,2560,11775,0.033,51.85
23/12/2021,332,1,1.81,,,,,,,,,78214,32678701,924.677,61239,0.0028,49111269,24927717,23027139,1156413,246107,119424,138.97,65.16,3.27,3379,12351,0.035,51.85
24/12/2021,325,1,1.82,,,,,,,,,64307,32743008,926.496,62963,0.0033,49253475,24933604,23037070,1282801,142206,137120,139.37,65.19,3.63,3880,12523,0.035,51.85
25/12/2021,389,1,1.83,,,,,,,,,66375,32809383,928.374,63857,0.0037,49423248,24942157,23052006,1429085,169773,157185,139.85,65.23,4.04,4448,12571,0.036,51.85
26/12/2021,524,1,1.84,,,,,,,,,75682,32885065,930.516,67334,0.0041,49700201,24958879,23078491,1662831,276953,188373,140.63,65.3,4.71,5330,12386,0.035,51.85
27/12/2021,602,1,1.84,,,,,,,,,80804,32965869,932.802,70684,0.0047,49953753,24972309,23101362,1880082,253552,211186,141.35,65.37,5.32,5976,12186,0.034,51.85
28/12/2021,744,1,,,,,,,,,,84060,33049929,935.181,73311,0.0053,50215461,24986423,23125154,2103884,261708,224299,142.09,65.43,5.95,6347,12653,0.036,51.85
29/12/2021,752,1,,,,,,,,,,84568,33134497,937.574,76287,0.006,50477457,25000071,23148114,2329272,261996,230328,142.83,65.5,6.59,6517,12588,0.036,51.85
30/12/2021,819,2,,,,,,,,,,95347,33229844,940.272,78735,0.0067,50755660,25011556,23171018,2573086,278203,234913,143.62,65.56,7.28,6647,11977,0.034,51.85
31/12/2021,846,1,,,,,,,,,,80675,33310519,942.555,81073,0.0073,50894142,25017090,23180879,2696173,138482,234381,144.01,65.59,7.63,6632,11927,0.034,51.85